Title,ViewCount,URL,Thumbnail,PublishedAt,DurationSec,Rank
寝る前に見るべきアニメ,15791615,https://www.youtube.com/watch?v=Vt-GSRKrbOU,https://i.ytimg.com/vi/Vt-GSRKrbOU/hqdefault.jpg,2020-02-24T10:03:20Z,139,1
【アニメ】この線から内側は俺の陣地な,9783256,https://www.youtube.com/watch?v=pQ3__j2HeiU,https://i.ytimg.com/vi/pQ3__j2HeiU/hqdefault.jpg,2020-04-30T11:00:24Z,126,2
【アニメ】天使と悪魔が財布盗ませようとしてくる,8402279,https://www.youtube.com/watch?v=YKaWsA-tk6g,https://i.ytimg.com/vi/YKaWsA-tk6g/hqdefault.jpg,2020-07-25T10:00:11Z,102,3
LINEの会話が盛り上がって抜け出せないアニメ,7871457,https://www.youtube.com/watch?v=2nlck6Io_qM,https://i.ytimg.com/vi/2nlck6Io_qM/hqdefault.jpg,2020-03-09T09:00:01Z,108,4
決めゼリフだけで会話が成り立つアニメ,7558680,https://www.youtube.com/watch?v=3GMI2LuUnpw,https://i.ytimg.com/vi/3GMI2LuUnpw/hqdefault.jpg,2020-04-03T09:00:05Z,128,5
【アニメ】ツッコミをすると服が破けるお食事会バトル,7471075,https://www.youtube.com/watch?v=wlSr6M99XeA,https://i.ytimg.com/vi/wlSr6M99XeA/hqdefault.jpg,2019-12-25T09:00:12Z,80,6
【アニメ】確実に勝ち目のない裁判,7453534,https://www.youtube.com/watch?v=PSm3S1WPk5I,https://i.ytimg.com/vi/PSm3S1WPk5I/hqdefault.jpg,2021-01-08T10:00:08Z,143,7
【アニメ】狂った奴しかいないバンジージャンプ,6940091,https://www.youtube.com/watch?v=8bsDdzNP9lk,https://i.ytimg.com/vi/8bsDdzNP9lk/hqdefault.jpg,2021-04-11T10:00:06Z,139,8
【アニメ】情報量が多すぎるオンライン飲み会,6800860,https://www.youtube.com/watch?v=JKXFkJIzfRA,https://i.ytimg.com/vi/JKXFkJIzfRA/hqdefault.jpg,2020-05-05T10:00:19Z,116,9
【Twitter】元カノの裏アカを覗きます【アニメ】,6680949,https://www.youtube.com/watch?v=dY6pu1XGhrE,https://i.ytimg.com/vi/dY6pu1XGhrE/hqdefault.jpg,2020-05-20T10:00:21Z,147,10
終始「え？」ってなるアニメ【あるある】,6480345,https://www.youtube.com/watch?v=qK6Ypiddmwc,https://i.ytimg.com/vi/qK6Ypiddmwc/hqdefault.jpg,2020-03-05T10:00:13Z,89,11
ぱちょふぁそまちょぱ　3時間13分58秒耐久,6436300,https://www.youtube.com/watch?v=q2ZHNqHNTqM,https://i.ytimg.com/vi/q2ZHNqHNTqM/hqdefault.jpg,2020-04-25T13:15:02Z,11638,12
【アニメ】ガリ勉による模範的なコンビニ強盗,6386396,https://www.youtube.com/watch?v=QyWRfEzENeE,https://i.ytimg.com/vi/QyWRfEzENeE/hqdefault.jpg,2021-04-09T10:00:22Z,151,13
【アニメ】とち狂ってる飲食店,6290196,https://www.youtube.com/watch?v=PbQIYQlNHJg,https://i.ytimg.com/vi/PbQIYQlNHJg/hqdefault.jpg,2021-05-24T11:00:10Z,158,14
【アニメ】初対面なのに距離感バグってる人,6253900,https://www.youtube.com/watch?v=8UdgvPeqvmk,https://i.ytimg.com/vi/8UdgvPeqvmk/hqdefault.jpg,2020-04-13T10:00:09Z,139,15
【アニメ】不法侵入して捕まるサンタクロース,6239135,https://www.youtube.com/watch?v=gZv6vhyggQA,https://i.ytimg.com/vi/gZv6vhyggQA/hqdefault.jpg,2020-12-25T10:00:10Z,170,16
【アニメ】やばい奴しか乗ってないジェットコースター,6052106,https://www.youtube.com/watch?v=EqP6MoLEjvQ,https://i.ytimg.com/vi/EqP6MoLEjvQ/hqdefault.jpg,2021-03-18T10:28:35Z,151,17
最後気まずくなるアニメ,6018773,https://www.youtube.com/watch?v=djNc_7fylnw,https://i.ytimg.com/vi/djNc_7fylnw/hqdefault.jpg,2020-06-01T10:00:28Z,196,18
【アニメ】3分クッキングのスタッフにヤクザがいる,5880355,https://www.youtube.com/watch?v=Jli8n4PzUjg,https://i.ytimg.com/vi/Jli8n4PzUjg/hqdefault.jpg,2021-05-30T10:00:08Z,168,19
【アニメ】ゲームに集中出来ない実況動画【テンプルラン】,5864244,https://www.youtube.com/watch?v=hf8vOEPUgT4,https://i.ytimg.com/vi/hf8vOEPUgT4/hqdefault.jpg,2020-07-12T10:00:18Z,205,20
【アニメ】自分がブスだと気づく瞬間,5805539,https://www.youtube.com/watch?v=WJoQHahpL88,https://i.ytimg.com/vi/WJoQHahpL88/hqdefault.jpg,2021-08-29T10:00:10Z,135,21
【アニメ】一回見ても理解できないアニメ,5774319,https://www.youtube.com/watch?v=CejtWSh694E,https://i.ytimg.com/vi/CejtWSh694E/hqdefault.jpg,2020-07-13T10:00:04Z,136,22
【アニメ】シャワー中1日の反省をしちゃう奴ら,5754472,https://www.youtube.com/watch?v=OdkPSBl_Xuc,https://i.ytimg.com/vi/OdkPSBl_Xuc/hqdefault.jpg,2020-09-10T10:00:06Z,152,23
【アニメ】訳がわからない大喜利,5523677,https://www.youtube.com/watch?v=yO4Dm4xZH6s,https://i.ytimg.com/vi/yO4Dm4xZH6s/hqdefault.jpg,2020-06-10T10:00:39Z,143,24
【アニメ】適当に犯人を捕まえる名探偵,5415761,https://www.youtube.com/watch?v=eGdU7DZPDKA,https://i.ytimg.com/vi/eGdU7DZPDKA/hqdefault.jpg,2020-03-16T09:30:02Z,140,25
ネズミとニワトリの喧嘩、合体バージョン,5294723,https://www.youtube.com/watch?v=vg8rc4qWCgo,https://i.ytimg.com/vi/vg8rc4qWCgo/hqdefault.jpg,2020-03-08T04:14:32Z,161,26
【アニメ】理不尽にキレてくるタクシードライバー,5282049,https://www.youtube.com/watch?v=_0fMKK_L3mM,https://i.ytimg.com/vi/_0fMKK_L3mM/hqdefault.jpg,2021-08-04T10:00:15Z,131,27
【アニメ】誰もルールを知らない遊戯王バトル,5234888,https://www.youtube.com/watch?v=B59BLQudJbc,https://i.ytimg.com/vi/B59BLQudJbc/hqdefault.jpg,2020-09-04T10:00:02Z,126,28
【アニメ】NHKの集金の者です,5194601,https://www.youtube.com/watch?v=DhNoQDwRNAg,https://i.ytimg.com/vi/DhNoQDwRNAg/hqdefault.jpg,2021-02-04T10:32:45Z,155,29
絶妙にウザいポエム5時間耐久,5023209,https://www.youtube.com/watch?v=-zEstoZ7vxs,https://i.ytimg.com/vi/-zEstoZ7vxs/hqdefault.jpg,2020-01-30T09:00:00Z,125,30
【アニメ】ボーダーライン越えちゃった「だーれだ」,5021002,https://www.youtube.com/watch?v=11SKvO3zb_Y,https://i.ytimg.com/vi/11SKvO3zb_Y/hqdefault.jpg,2021-02-25T10:27:21Z,214,31
電話が盛り上がって抜け出せないアニメ,4986331,https://www.youtube.com/watch?v=8V7oJAvSzKw,https://i.ytimg.com/vi/8V7oJAvSzKw/hqdefault.jpg,2020-05-16T10:00:05Z,144,32
【アニメ】躊躇なくエグい冤罪かけて来る取り調べ,4982455,https://www.youtube.com/watch?v=v9vyfV6GZko,https://i.ytimg.com/vi/v9vyfV6GZko/hqdefault.jpg,2021-10-09T09:56:31Z,183,33
【アニメ】1人だけハブかれてる卒業式,4970764,https://www.youtube.com/watch?v=Khk3Kd6YbyE,https://i.ytimg.com/vi/Khk3Kd6YbyE/hqdefault.jpg,2021-11-14T11:05:12Z,227,34
ほぼボケだけで成り立つアニメ,4882232,https://www.youtube.com/watch?v=YIdaGlT41D4,https://i.ytimg.com/vi/YIdaGlT41D4/hqdefault.jpg,2020-04-24T10:00:17Z,126,35
【アニメ】バーで変なやつに絡まれた,4798667,https://www.youtube.com/watch?v=dfLAxnn1eQg,https://i.ytimg.com/vi/dfLAxnn1eQg/hqdefault.jpg,2021-07-30T10:47:37Z,125,36
【アニメ】めちゃくちゃ下手な怖い話,4749952,https://www.youtube.com/watch?v=eWtQ0sHz91A,https://i.ytimg.com/vi/eWtQ0sHz91A/hqdefault.jpg,2020-10-10T09:20:36Z,135,37
【アニメ】オタクの喧嘩と唐突な和解,4730243,https://www.youtube.com/watch?v=dAt9lkkUP1g,https://i.ytimg.com/vi/dAt9lkkUP1g/hqdefault.jpg,2020-09-03T10:00:18Z,156,38
勢いだけでなんとかなるアニメ,4706942,https://www.youtube.com/watch?v=wDMfBsBovKE,https://i.ytimg.com/vi/wDMfBsBovKE/hqdefault.jpg,2020-01-22T09:00:10Z,93,39
【アニメ】狂った奴しかいない海水浴,4692284,https://www.youtube.com/watch?v=8i0fvAj9vyo,https://i.ytimg.com/vi/8i0fvAj9vyo/hqdefault.jpg,2021-11-30T10:00:08Z,287,40
一瞬だけ臨場感すごいアニメ,4665647,https://www.youtube.com/watch?v=tq8EMHGuEPA,https://i.ytimg.com/vi/tq8EMHGuEPA/hqdefault.jpg,2020-07-29T10:00:18Z,134,41
【アニメ】全部間違えてるバーのマスター,4657584,https://www.youtube.com/watch?v=lQW8UvEfqqA,https://i.ytimg.com/vi/lQW8UvEfqqA/hqdefault.jpg,2021-05-19T10:00:31Z,161,42
【アニメ】あなたが落とした物は…何これ⁉︎,4655706,https://www.youtube.com/watch?v=Tj3RaNVoFIc,https://i.ytimg.com/vi/Tj3RaNVoFIc/hqdefault.jpg,2021-02-18T11:16:12Z,162,43
【アニメ】るるるの歌　〜なれそめ編〜,4645484,https://www.youtube.com/watch?v=6h8JAKyRAaI,https://i.ytimg.com/vi/6h8JAKyRAaI/hqdefault.jpg,2020-09-16T10:00:04Z,161,44
【アニメ】人間の愚かさを一瞬で理解した鶏,4583150,https://www.youtube.com/watch?v=XqkJBqW3JQ0,https://i.ytimg.com/vi/XqkJBqW3JQ0/hqdefault.jpg,2020-01-03T09:00:11Z,101,45
【アニメ】ガリ勉がヤンキーにカツアゲする,4579575,https://www.youtube.com/watch?v=rqgxJHupMQQ,https://i.ytimg.com/vi/rqgxJHupMQQ/hqdefault.jpg,2021-03-06T10:24:51Z,179,46
【アニメ】ジュースを飲んでる奴をどうにかして笑わせたい,4560911,https://www.youtube.com/watch?v=cvcgm9pQtnk,https://i.ytimg.com/vi/cvcgm9pQtnk/hqdefault.jpg,2019-12-14T09:00:06Z,95,47
【アニメ】狂ってる散髪屋,4517853,https://www.youtube.com/watch?v=SXvhZ8bt6nc,https://i.ytimg.com/vi/SXvhZ8bt6nc/hqdefault.jpg,2020-10-29T10:00:04Z,99,48
【アニメ】人間とネズミを掛け合わせたキメラが残酷な結果を生み出すことはしばしばあるよねー,4475970,https://www.youtube.com/watch?v=tJuTOmqb0iA,https://i.ytimg.com/vi/tJuTOmqb0iA/hqdefault.jpg,2020-01-01T09:00:09Z,107,49
どうせこのアニメ見た後の感想は『猫可愛い』だろう⁉︎,4447442,https://www.youtube.com/watch?v=R8LBnABEozg,https://i.ytimg.com/vi/R8LBnABEozg/hqdefault.jpg,2020-01-15T09:00:04Z,100,50
アニメ【淡々と繰り替えされる素行】,4432454,https://www.youtube.com/watch?v=81flMOEkZbo,https://i.ytimg.com/vi/81flMOEkZbo/hqdefault.jpg,2019-09-29T09:11:17Z,136,51
このアニメのLINEスタンプの使い方,4366022,https://www.youtube.com/watch?v=Ph07gtdDSd0,https://i.ytimg.com/vi/Ph07gtdDSd0/hqdefault.jpg,2020-04-01T09:00:11Z,116,52
【アニメ】全然上手くいかないラップバトル,4356267,https://www.youtube.com/watch?v=R4su6qSuIKY,https://i.ytimg.com/vi/R4su6qSuIKY/hqdefault.jpg,2020-06-28T10:00:31Z,128,53
【アニメ】「あはれ！名作くん」をボコボコにしてやりました,4301156,https://www.youtube.com/watch?v=r-ilKAAxj6E,https://i.ytimg.com/vi/r-ilKAAxj6E/hqdefault.jpg,2021-10-15T10:00:23Z,220,54
勇者の剣を僧侶が抜いた,4259114,https://www.youtube.com/watch?v=-5bFFh6oRgY,https://i.ytimg.com/vi/-5bFFh6oRgY/hqdefault.jpg,2022-01-24T10:00:00Z,191,55
10分耐える事ができない胃もたれするラジオ【質問コーナー】,4247993,https://www.youtube.com/watch?v=fGeNn7XLiHw,https://i.ytimg.com/vi/fGeNn7XLiHw/hqdefault.jpg,2020-03-11T09:15:00Z,600,56
【アニメ】遭難で命の危機だけどそんな事よりプリケツ,4219709,https://www.youtube.com/watch?v=Wet7yyqGDxo,https://i.ytimg.com/vi/Wet7yyqGDxo/hqdefault.jpg,2021-02-27T10:00:09Z,156,57
【アニメ】Fランなのに裏口入学する,4209249,https://www.youtube.com/watch?v=X6EYaAWTw9s,https://i.ytimg.com/vi/X6EYaAWTw9s/hqdefault.jpg,2021-09-07T10:00:30Z,171,58
固定観念をブチ壊すアニメ,4196317,https://www.youtube.com/watch?v=VcPneuaLnhk,https://i.ytimg.com/vi/VcPneuaLnhk/hqdefault.jpg,2020-10-24T10:00:09Z,118,59
とち狂ってるアニメ,4166073,https://www.youtube.com/watch?v=GKT5w2fdXyE,https://i.ytimg.com/vi/GKT5w2fdXyE/hqdefault.jpg,2020-11-22T10:00:03Z,125,60
電車の中で見るべきアニメ,4152131,https://www.youtube.com/watch?v=kzSpz6SBCmg,https://i.ytimg.com/vi/kzSpz6SBCmg/hqdefault.jpg,2020-09-13T11:00:09Z,109,61
【アニメ】合コンにおもんない奴来た,4146641,https://www.youtube.com/watch?v=zau_vBQwd4Q,https://i.ytimg.com/vi/zau_vBQwd4Q/hqdefault.jpg,2021-02-16T10:00:31Z,160,62
【マツオノアニメ】面白シーン集　※未来,4138812,https://www.youtube.com/watch?v=SwpJQAMW_Mc,https://i.ytimg.com/vi/SwpJQAMW_Mc/hqdefault.jpg,2020-04-09T10:00:15Z,160,63
【謎展開アニメ】バンジーが怖くて飛べないので時間を潰します【実写チャンネル爆誕】,4110987,https://www.youtube.com/watch?v=uwBdMl1XRPQ,https://i.ytimg.com/vi/uwBdMl1XRPQ/hqdefault.jpg,2020-03-02T09:30:04Z,99,64
【アニメ】煩悩しかないお坊さん,4100826,https://www.youtube.com/watch?v=wZ9F-w8bE-s,https://i.ytimg.com/vi/wZ9F-w8bE-s/hqdefault.jpg,2021-10-19T10:00:21Z,758,65
【アニメ】元彼と新しい彼女のデートを邪魔する方法,4088902,https://www.youtube.com/watch?v=XbaphZzh2eU,https://i.ytimg.com/vi/XbaphZzh2eU/hqdefault.jpg,2020-05-10T10:15:00Z,170,66
【アニメ】ヤバイ奴と入れ替わってしまった,4086957,https://www.youtube.com/watch?v=5nRbUQNe_TY,https://i.ytimg.com/vi/5nRbUQNe_TY/hqdefault.jpg,2021-02-21T10:28:12Z,215,67
【アニメ】狂った奴しかいないカラオケ,4070128,https://www.youtube.com/watch?v=UaFUWWxYTAI,https://i.ytimg.com/vi/UaFUWWxYTAI/hqdefault.jpg,2021-04-29T10:00:13Z,154,68
【アニメ】ルールが複雑すぎて進まないデスゲーム,4062656,https://www.youtube.com/watch?v=EULMwT-Gcr0,https://i.ytimg.com/vi/EULMwT-Gcr0/hqdefault.jpg,2021-06-20T10:58:16Z,223,69
【アニメ】ぜんぶ間違えてるウェイトレス,4036852,https://www.youtube.com/watch?v=iZ2bcgdF0rA,https://i.ytimg.com/vi/iZ2bcgdF0rA/hqdefault.jpg,2021-02-23T10:00:12Z,190,70
【アニメ】暴走YouTuberネズミの真実,4028712,https://www.youtube.com/watch?v=_ZTRHsfXEKM,https://i.ytimg.com/vi/_ZTRHsfXEKM/hqdefault.jpg,2020-02-03T09:01:11Z,114,71
【アニメ】M-1決勝でテンパったあげく放送事故を起こした1組（※このアニメはフィクションです）,4019952,https://www.youtube.com/watch?v=G1zgt_uzCDI,https://i.ytimg.com/vi/G1zgt_uzCDI/hqdefault.jpg,2019-12-22T09:00:02Z,125,72
【アニメ】電車でもたれかけられた時の対処法,4009128,https://www.youtube.com/watch?v=4L2RV3D4Olo,https://i.ytimg.com/vi/4L2RV3D4Olo/hqdefault.jpg,2020-12-18T10:00:04Z,149,73
【アニメ】狂った奴しかいないクレーンゲーム（コラボグッズ紹介）,3965615,https://www.youtube.com/watch?v=bYPwvMiB7w8,https://i.ytimg.com/vi/bYPwvMiB7w8/hqdefault.jpg,2021-12-13T09:00:13Z,292,74
【アニメ】ぜんぶ間違えてる教育,3959657,https://www.youtube.com/watch?v=-hw4HbsdPWc,https://i.ytimg.com/vi/-hw4HbsdPWc/hqdefault.jpg,2021-03-25T10:00:00Z,153,75
【アニメ】無茶振りが多いバラエティ収録,3944601,https://www.youtube.com/watch?v=wSRidsJyeLo,https://i.ytimg.com/vi/wSRidsJyeLo/hqdefault.jpg,2021-07-04T10:58:01Z,197,76
【アニメ】野グソしたけど紙がないのでクレームの電話入れる,3920819,https://www.youtube.com/watch?v=Ch0Jpymlu6c,https://i.ytimg.com/vi/Ch0Jpymlu6c/hqdefault.jpg,2021-07-15T10:00:04Z,207,77
【アニメ】昔ヤンチャしてた感じ出してくるおばあちゃん,3914037,https://www.youtube.com/watch?v=n2Ls5NFu2cQ,https://i.ytimg.com/vi/n2Ls5NFu2cQ/hqdefault.jpg,2021-08-09T10:00:23Z,164,78
【アニメ】ぜんぶ間違えてる厨二病,3896937,https://www.youtube.com/watch?v=Bf1r6nw4MIk,https://i.ytimg.com/vi/Bf1r6nw4MIk/hqdefault.jpg,2021-04-22T10:09:42Z,155,79
【アニメ】少女と監禁と実験とバケモノ,3875059,https://www.youtube.com/watch?v=NfOv7xuVIZU,https://i.ytimg.com/vi/NfOv7xuVIZU/hqdefault.jpg,2020-02-07T09:00:07Z,123,80
【アニメ】うるさいタイプのASMR（イヤフォン推奨）,3872014,https://www.youtube.com/watch?v=ZQcLr1KXFLc,https://i.ytimg.com/vi/ZQcLr1KXFLc/hqdefault.jpg,2020-11-07T10:00:13Z,135,81
【アニメ】僕は想像妊娠で生まれました,3804222,https://www.youtube.com/watch?v=jBAEIWXqJS4,https://i.ytimg.com/vi/jBAEIWXqJS4/hqdefault.jpg,2020-01-18T09:00:12Z,112,82
《アニメ》ゲロと誕生日あるある,3786781,https://www.youtube.com/watch?v=Ci-jbIsRGmg,https://i.ytimg.com/vi/Ci-jbIsRGmg/hqdefault.jpg,2019-10-23T09:00:04Z,99,83
【アニメ】旅行先に光彦がいて緊張感が増す,3777979,https://www.youtube.com/watch?v=ycU0WD5FNYk,https://i.ytimg.com/vi/ycU0WD5FNYk/hqdefault.jpg,2022-07-19T10:00:28Z,215,84
全卒業生におくるアニメ（感動）,3768761,https://www.youtube.com/watch?v=1ni-bxPN8CI,https://i.ytimg.com/vi/1ni-bxPN8CI/hqdefault.jpg,2020-03-22T09:00:02Z,127,85
【アニメ】段取りを全部間違えたプロポーズ,3750766,https://www.youtube.com/watch?v=WOVz0DNJp_Q,https://i.ytimg.com/vi/WOVz0DNJp_Q/hqdefault.jpg,2021-01-15T10:50:03Z,193,86
【合体篇】初対面でありがちなシーン再現【アニメ】,3740692,https://www.youtube.com/watch?v=7qC0uFMbQNQ,https://i.ytimg.com/vi/7qC0uFMbQNQ/hqdefault.jpg,2020-06-19T08:00:01Z,157,87
何があったん？ってなるアニメ,3725590,https://www.youtube.com/watch?v=p1mMUJ1kVFo,https://i.ytimg.com/vi/p1mMUJ1kVFo/hqdefault.jpg,2020-09-26T10:15:01Z,128,88
【アニメ】狂った医者,3723046,https://www.youtube.com/watch?v=wWKJ1MOhdgU,https://i.ytimg.com/vi/wWKJ1MOhdgU/hqdefault.jpg,2021-10-02T10:00:34Z,176,89
【アニメ】ツッコミが必要なヤンキーの喧嘩,3716031,https://www.youtube.com/watch?v=r6CoIfnXdDU,https://i.ytimg.com/vi/r6CoIfnXdDU/hqdefault.jpg,2020-08-28T10:00:14Z,147,90
【アニメ】恋人と鼻くそ,3689134,https://www.youtube.com/watch?v=qoymGnFNGW8,https://i.ytimg.com/vi/qoymGnFNGW8/hqdefault.jpg,2020-01-08T09:00:10Z,96,91
【アニメ】理不尽すぎるバンドメンバー紹介,3677243,https://www.youtube.com/watch?v=dXmMWdwwNmk,https://i.ytimg.com/vi/dXmMWdwwNmk/hqdefault.jpg,2020-07-23T10:00:13Z,152,92
【アニメ】パソコン教室に鬼教官が来た,3658240,https://www.youtube.com/watch?v=Gj27zk6ycIo,https://i.ytimg.com/vi/Gj27zk6ycIo/hqdefault.jpg,2021-04-25T10:00:13Z,173,93
何なんこの状況ってなるアニメ,3621154,https://www.youtube.com/watch?v=9NKK_DmI8SU,https://i.ytimg.com/vi/9NKK_DmI8SU/hqdefault.jpg,2020-08-14T10:00:02Z,160,94
《アニメ》やばい奴らの１週間がカオスすぎる（学校生活）,3612416,https://www.youtube.com/watch?v=PbkN-llmSHI,https://i.ytimg.com/vi/PbkN-llmSHI/hqdefault.jpg,2019-11-18T09:00:06Z,97,95
【重大発表】別れました。,3611569,https://www.youtube.com/watch?v=cJ9blOHGqXY,https://i.ytimg.com/vi/cJ9blOHGqXY/hqdefault.jpg,2020-11-01T10:00:22Z,137,96
【アニメ】筋トレのジム選びミスった,3596982,https://www.youtube.com/watch?v=cCVJ9moPbeA,https://i.ytimg.com/vi/cCVJ9moPbeA/hqdefault.jpg,2022-07-31T10:00:16Z,206,97
【アニメ】俺が思う青春を全部詰め込んでみた,3586563,https://www.youtube.com/watch?v=TdSVgWC4KFA,https://i.ytimg.com/vi/TdSVgWC4KFA/hqdefault.jpg,2020-07-06T10:00:09Z,122,98
永遠とカップルを邪魔し続けるアニメ,3566074,https://www.youtube.com/watch?v=12wxNjfoce4,https://i.ytimg.com/vi/12wxNjfoce4/hqdefault.jpg,2020-03-25T09:00:02Z,111,99
【アニメ】戦争とケンタウロスとパラレルワールド,3565833,https://www.youtube.com/watch?v=w3eVc942bH0,https://i.ytimg.com/vi/w3eVc942bH0/hqdefault.jpg,2020-01-02T09:00:10Z,110,100
【アニメ】並行世界同時同座標亜空間出現装置,3532575,https://www.youtube.com/watch?v=v_CJfRoJF_k,https://i.ytimg.com/vi/v_CJfRoJF_k/hqdefault.jpg,2019-12-18T09:00:11Z,109,101
【アニメ】「空き巣」の格好なのに「覗き」してくる,3505619,https://www.youtube.com/watch?v=MTZlzAgtquU,https://i.ytimg.com/vi/MTZlzAgtquU/hqdefault.jpg,2021-08-22T11:07:12Z,160,102
【アニメ】思いつくままにアニメ作った,3463670,https://www.youtube.com/watch?v=1OBhzg0B1h4,https://i.ytimg.com/vi/1OBhzg0B1h4/hqdefault.jpg,2021-08-17T10:00:00Z,145,103
【アニメ】お前…なんか垢抜けた？,3441698,https://www.youtube.com/watch?v=-949-a27C7Y,https://i.ytimg.com/vi/-949-a27C7Y/hqdefault.jpg,2021-06-23T10:00:00Z,153,104
【アニメ】俳句の天才なのでここでも一句できる,3438329,https://www.youtube.com/watch?v=2c-V93xkgNs,https://i.ytimg.com/vi/2c-V93xkgNs/hqdefault.jpg,2022-09-20T10:21:45Z,151,105
深夜テンションで作ったアニメ,3420165,https://www.youtube.com/watch?v=4v4SbRzNk4M,https://i.ytimg.com/vi/4v4SbRzNk4M/hqdefault.jpg,2020-10-03T10:00:01Z,119,106
【アニメ】色々おかしいボクシング実況,3407636,https://www.youtube.com/watch?v=3ZJSZnq5sLo,https://i.ytimg.com/vi/3ZJSZnq5sLo/hqdefault.jpg,2021-12-11T10:00:02Z,211,107
告白される事を察するアニメ【おらぁぁぁぁぁぁぁぁぁぁぁぁぁぁぁぁぁぁぁぁぁぁぁぁぁぁぁぁぁぁぁぁぁぁぁぁぁぁぁぁぁぁぁぁぁぁぁぁぁぁぁぁぁぁぁぁぁぁぁぁぁぁぁぁぁぁぁぁぁぁぁぁぁぁぁぁぁぁぁぁぁぁぁ】,3400926,https://www.youtube.com/watch?v=4S77cViZ95c,https://i.ytimg.com/vi/4S77cViZ95c/hqdefault.jpg,2020-11-05T10:30:00Z,134,108
【アニメ】唐突に始まった喧嘩に動揺とおしっこが止まらない,3361400,https://www.youtube.com/watch?v=HL6TcLWbSR0,https://i.ytimg.com/vi/HL6TcLWbSR0/hqdefault.jpg,2020-02-16T09:00:02Z,99,109
【アニメ】レンタル彼氏に別れ話を切り出す,3311292,https://www.youtube.com/watch?v=1PLuFe342tA,https://i.ytimg.com/vi/1PLuFe342tA/hqdefault.jpg,2021-07-23T10:33:51Z,169,110
ほぼツッコミだけで成り立つアニメ,3310748,https://www.youtube.com/watch?v=NoVCj0D-5Dg,https://i.ytimg.com/vi/NoVCj0D-5Dg/hqdefault.jpg,2020-04-16T10:00:23Z,147,111
【アニメ】絶対に勝ち目がないナンパ,3304096,https://www.youtube.com/watch?v=RAXRK13ysaI,https://i.ytimg.com/vi/RAXRK13ysaI/hqdefault.jpg,2021-07-12T10:38:01Z,149,112
【アニメ】1人だけ袴で来ちゃった成人式,3295450,https://www.youtube.com/watch?v=ezDKSRoHsPU,https://i.ytimg.com/vi/ezDKSRoHsPU/hqdefault.jpg,2021-01-30T10:00:29Z,177,113
【アニメ】ぜんぶ間違えてるファンサービス神対応,3278363,https://www.youtube.com/watch?v=k4IVlX8ZtKM,https://i.ytimg.com/vi/k4IVlX8ZtKM/hqdefault.jpg,2021-05-15T10:00:19Z,166,114
【アニメ】人生下克上した奴へインタビュー,3271237,https://www.youtube.com/watch?v=FYTUB7OHwic,https://i.ytimg.com/vi/FYTUB7OHwic/hqdefault.jpg,2020-07-18T10:00:04Z,116,115
【アニメ】意味が分からない長電話,3267066,https://www.youtube.com/watch?v=paxY2WrPeak,https://i.ytimg.com/vi/paxY2WrPeak/hqdefault.jpg,2020-11-29T10:00:21Z,134,116
【アニメ】「その結婚ちょっと待った」史上1番ダサい展開,3255053,https://www.youtube.com/watch?v=iiCzbJX7zIw,https://i.ytimg.com/vi/iiCzbJX7zIw/hqdefault.jpg,2021-01-26T10:00:11Z,149,117
《アニメ》もしも浦島太郎の世界が狂っていたら,3250595,https://www.youtube.com/watch?v=DhiAyEgfZL0,https://i.ytimg.com/vi/DhiAyEgfZL0/hqdefault.jpg,2019-11-30T09:00:05Z,90,118
【アニメ】日清CMの幻の別バージョン,3219201,https://www.youtube.com/watch?v=P0nQ7l_ZVAA,https://i.ytimg.com/vi/P0nQ7l_ZVAA/hqdefault.jpg,2022-04-20T10:00:11Z,158,119
【アニメ】願いを叶えないタイプのランプの魔神,3196420,https://www.youtube.com/watch?v=sjhbcNlWDrs,https://i.ytimg.com/vi/sjhbcNlWDrs/hqdefault.jpg,2022-01-05T10:00:20Z,182,120
《アニメ》ハロウィンが近いので今日は車をひっくり返しましょう,3145057,https://www.youtube.com/watch?v=BHiaW-koCMs,https://i.ytimg.com/vi/BHiaW-koCMs/hqdefault.jpg,2019-10-30T09:00:02Z,113,121
【アニメ】ネズミと喧嘩したようです,3117223,https://www.youtube.com/watch?v=paIi1ycjwPc,https://i.ytimg.com/vi/paIi1ycjwPc/hqdefault.jpg,2020-02-13T09:00:16Z,108,122
めっちゃ稼ごうとしてるアニメ,3104826,https://www.youtube.com/watch?v=-GMT-ZABqkw,https://i.ytimg.com/vi/-GMT-ZABqkw/hqdefault.jpg,2020-10-15T10:30:00Z,1795,123
【アニメ】2点くらいの地雷メイク動画,3085884,https://www.youtube.com/watch?v=ycL_G7GB4Vs,https://i.ytimg.com/vi/ycL_G7GB4Vs/hqdefault.jpg,2020-09-30T10:00:30Z,126,124
赤ちゃんがどうやってできるのかを教えてくれるアニメ,3071170,https://www.youtube.com/watch?v=39RIpJqxuH0,https://i.ytimg.com/vi/39RIpJqxuH0/hqdefault.jpg,2019-12-04T09:00:00Z,81,125
【アニメ】マドンナのスク水が盗まれた,3063588,https://www.youtube.com/watch?v=Pg6SR5Oln1A,https://i.ytimg.com/vi/Pg6SR5Oln1A/hqdefault.jpg,2021-05-22T10:00:24Z,157,126
【アニメ】空き巣なのに踏んでバレる,2996671,https://www.youtube.com/watch?v=xhgDks7aDqo,https://i.ytimg.com/vi/xhgDks7aDqo/hqdefault.jpg,2022-06-28T10:00:38Z,164,127
【アニメ】急展開すぎるリモート通話,2989433,https://www.youtube.com/watch?v=PJ1NRThbVbs,https://i.ytimg.com/vi/PJ1NRThbVbs/hqdefault.jpg,2021-05-01T09:00:19Z,304,128
【アニメ】ナンパしたら違う方が付いて来た,2938929,https://www.youtube.com/watch?v=0HuL7Yc4PBM,https://i.ytimg.com/vi/0HuL7Yc4PBM/hqdefault.jpg,2022-01-30T10:28:30Z,139,129
リア充と非リアが見るべきアニメ,2906436,https://www.youtube.com/watch?v=KPGuSfcGphg,https://i.ytimg.com/vi/KPGuSfcGphg/hqdefault.jpg,2020-06-12T10:00:18Z,91,130
【アニメ】ニワトリと喧嘩したようです,2894217,https://www.youtube.com/watch?v=X8-i4ylUeh0,https://i.ytimg.com/vi/X8-i4ylUeh0/hqdefault.jpg,2020-02-11T09:00:07Z,83,131
【アニメ】あまり聞き取れないお婆ちゃんの会話,2861630,https://www.youtube.com/watch?v=-mMulczPUiU,https://i.ytimg.com/vi/-mMulczPUiU/hqdefault.jpg,2021-01-19T10:00:02Z,146,132
いろいろアウトなアニメ【今更】,2859343,https://www.youtube.com/watch?v=fOkSg262OKc,https://i.ytimg.com/vi/fOkSg262OKc/hqdefault.jpg,2020-11-15T10:00:08Z,185,133
【アニメ】めちゃめちゃグレた徹子の部屋,2847819,https://www.youtube.com/watch?v=Du-cud9U6W8,https://i.ytimg.com/vi/Du-cud9U6W8/hqdefault.jpg,2020-09-19T10:00:04Z,117,134
同世代の視聴者が興奮するアニメ【ラブandベリー】,2824939,https://www.youtube.com/watch?v=E93WBD7ySCQ,https://i.ytimg.com/vi/E93WBD7ySCQ/hqdefault.jpg,2020-11-13T10:00:05Z,158,135
【アニメ】全員モラルがイカれてる映画館,2791814,https://www.youtube.com/watch?v=oNfqisvj1o8,https://i.ytimg.com/vi/oNfqisvj1o8/hqdefault.jpg,2022-06-12T10:00:31Z,300,136
【アニメ】強すぎて１人で甲子園に出場した選手,2790857,https://www.youtube.com/watch?v=30g4xDiI7Kg,https://i.ytimg.com/vi/30g4xDiI7Kg/hqdefault.jpg,2023-03-22T10:32:54Z,226,137
【アニメ】展開が読めないお見合い,2776363,https://www.youtube.com/watch?v=Bc8QNersi6o,https://i.ytimg.com/vi/Bc8QNersi6o/hqdefault.jpg,2021-06-07T10:38:03Z,196,138
【アニメ】ムキムキとムキムキの会話※この動画はムキムキとムキムキの会話をアニメにしたものです。【ムキムキ】ムキムキムキムキムキムキムキムキムキムキムキムキムキムキム△≠ △≠ △≠ △≠ △≠,2751936,https://www.youtube.com/watch?v=mowQEqdiV-I,https://i.ytimg.com/vi/mowQEqdiV-I/hqdefault.jpg,2020-12-11T10:00:11Z,155,139
地獄みたいな展開が続くアニメ,2718799,https://www.youtube.com/watch?v=gd3EBJzDs40,https://i.ytimg.com/vi/gd3EBJzDs40/hqdefault.jpg,2021-12-31T10:06:39Z,119,140
【アニメ】初対面のお食事会にめっちゃ怖い奴来た【後編】,2674362,https://www.youtube.com/watch?v=y1BsczTnRL0,https://i.ytimg.com/vi/y1BsczTnRL0/hqdefault.jpg,2020-06-18T10:00:25Z,123,141
【アニメ】全部間違えてるペットショップ,2594538,https://www.youtube.com/watch?v=pSk12EVSiTo,https://i.ytimg.com/vi/pSk12EVSiTo/hqdefault.jpg,2022-04-19T10:00:20Z,126,142
【アニメ】無理やり事件解決してくる探偵,2587304,https://www.youtube.com/watch?v=2_9T-rchk0U,https://i.ytimg.com/vi/2_9T-rchk0U/hqdefault.jpg,2022-04-09T10:43:10Z,161,143
【アニメ】一緒に走ろうなって言ってたやん,2562047,https://www.youtube.com/watch?v=hnKf-u5jtlw,https://i.ytimg.com/vi/hnKf-u5jtlw/hqdefault.jpg,2022-03-17T10:00:21Z,175,144
パイロットが客席でくつろいでて墜落確定だからしんどい【アニメ】,2558173,https://www.youtube.com/watch?v=cOQvub4gCLk,https://i.ytimg.com/vi/cOQvub4gCLk/hqdefault.jpg,2022-10-31T10:00:32Z,202,145
『新世紀エヴァンゲリオン』のOPを再現しました,2515778,https://www.youtube.com/watch?v=zDawlPbxieY,https://i.ytimg.com/vi/zDawlPbxieY/hqdefault.jpg,2021-03-16T10:00:30Z,98,146
【アニメ】消える魔球のせいで試合中断した,2491863,https://www.youtube.com/watch?v=2PIif66OGPo,https://i.ytimg.com/vi/2PIif66OGPo/hqdefault.jpg,2022-08-14T10:00:03Z,179,147
【アニメ】「初めてのお使い」のスタッフ達も初めて,2482826,https://www.youtube.com/watch?v=zPlngkP0dKQ,https://i.ytimg.com/vi/zPlngkP0dKQ/hqdefault.jpg,2022-08-20T10:00:38Z,174,148
現行犯で自首する痴漢の犯人【アニメ】,2418051,https://www.youtube.com/watch?v=9WLIkzOauK0,https://i.ytimg.com/vi/9WLIkzOauK0/hqdefault.jpg,2022-05-01T10:00:03Z,171,149
【アニメ】本当にタネも仕掛けもないマジシャン,2387796,https://www.youtube.com/watch?v=v_YfOJgljyY,https://i.ytimg.com/vi/v_YfOJgljyY/hqdefault.jpg,2021-05-07T10:00:38Z,151,150
正月に見るべきアニメ【浦島太郎後編】,2384735,https://www.youtube.com/watch?v=gDVB-X8CWDw,https://i.ytimg.com/vi/gDVB-X8CWDw/hqdefault.jpg,2020-12-31T10:00:09Z,183,151
【アニメ】ハードボイルドに引ったくりされた,2372633,https://www.youtube.com/watch?v=VXvQc3ZKY-s,https://i.ytimg.com/vi/VXvQc3ZKY-s/hqdefault.jpg,2022-05-08T10:00:10Z,124,152
おしり丸出しでトイレする奴らにインタビュー,2278993,https://www.youtube.com/watch?v=cloL6y5mgwI,https://i.ytimg.com/vi/cloL6y5mgwI/hqdefault.jpg,2022-03-02T10:00:15Z,147,153
【アニメ】悲鳴でトレーニングさせるボイストレーナー,2253592,https://www.youtube.com/watch?v=Vwq2iVM_P5M,https://i.ytimg.com/vi/Vwq2iVM_P5M/hqdefault.jpg,2022-10-07T10:00:31Z,161,154
闇金の金を募金する善でも悪でもない人【アニメ】,2198158,https://www.youtube.com/watch?v=LUc5REz8h6o,https://i.ytimg.com/vi/LUc5REz8h6o/hqdefault.jpg,2023-03-25T10:00:10Z,202,155
【アニメ】全部間違えてる張り込み,2195252,https://www.youtube.com/watch?v=gbP8NRHqvg4,https://i.ytimg.com/vi/gbP8NRHqvg4/hqdefault.jpg,2023-05-28T10:00:33Z,253,156
なんだろう、本当になんだろう…,2179668,https://www.youtube.com/watch?v=sZgPt60dS94,https://i.ytimg.com/vi/sZgPt60dS94/hqdefault.jpg,2022-05-17T10:00:35Z,251,157
【アニメ？】ネズミとニワトリの声の出し方,2119078,https://www.youtube.com/watch?v=ZJE2HqckYxA,https://i.ytimg.com/vi/ZJE2HqckYxA/hqdefault.jpg,2020-07-31T10:00:12Z,272,158
【アニメ】公園でイカれたおじさんに絡まれたから泣く,2009348,https://www.youtube.com/watch?v=pKbyLWUHS2Q,https://i.ytimg.com/vi/pKbyLWUHS2Q/hqdefault.jpg,2022-09-27T10:00:29Z,242,159
【アニメ】初対面同士の絶妙な雰囲気【前編】,1974775,https://www.youtube.com/watch?v=S1-Jo0zGLJI,https://i.ytimg.com/vi/S1-Jo0zGLJI/hqdefault.jpg,2020-06-17T08:00:12Z,93,160
【アニメ】全財産で家政婦を雇ったホームレス,1972380,https://www.youtube.com/watch?v=pRWaDIpzhxU,https://i.ytimg.com/vi/pRWaDIpzhxU/hqdefault.jpg,2023-06-28T11:11:57Z,345,161
倫理観が終わってる虫博士【アニメ】,1940425,https://www.youtube.com/watch?v=lUZN9mddRhA,https://i.ytimg.com/vi/lUZN9mddRhA/hqdefault.jpg,2023-01-24T10:00:32Z,170,162
狂った奴しかいない不動産【アニメ】,1930817,https://www.youtube.com/watch?v=KD4IS_VsfEc,https://i.ytimg.com/vi/KD4IS_VsfEc/hqdefault.jpg,2022-11-30T10:00:07Z,604,163
コイの餌を食べて生きる公園のおじさん【アニメ】【合法】,1915087,https://www.youtube.com/watch?v=ml-FM5JOP2o,https://i.ytimg.com/vi/ml-FM5JOP2o/hqdefault.jpg,2022-10-21T11:33:01Z,154,164
【アニメ】狂った医者が担当になって最悪,1914572,https://www.youtube.com/watch?v=kGvTSMgU954,https://i.ytimg.com/vi/kGvTSMgU954/hqdefault.jpg,2022-09-30T10:00:37Z,205,165
《アニメ》寿司屋での唐突なラブコメ,1900091,https://www.youtube.com/watch?v=mzUZrc8diM0,https://i.ytimg.com/vi/mzUZrc8diM0/hqdefault.jpg,2019-11-13T09:00:08Z,67,166
さっきUFOに連れ去られてチップ埋められたお母さん【アニメ】,1892749,https://www.youtube.com/watch?v=c6t9ksdeCZY,https://i.ytimg.com/vi/c6t9ksdeCZY/hqdefault.jpg,2022-11-29T10:00:23Z,166,167
定時を過ぎたのに気絶して終電までヒマを潰す社畜【アニメ】,1885166,https://www.youtube.com/watch?v=OIT6pydTnwQ,https://i.ytimg.com/vi/OIT6pydTnwQ/hqdefault.jpg,2023-07-29T10:00:16Z,244,168
勢いに任せすぎたアニメ,1854459,https://www.youtube.com/watch?v=GYm2--SC_Ys,https://i.ytimg.com/vi/GYm2--SC_Ys/hqdefault.jpg,2020-11-27T10:00:05Z,103,169
【アニメ】オルゴールでヤクザを制圧する朗らかな警察,1837768,https://www.youtube.com/watch?v=8OzgB5KjzlI,https://i.ytimg.com/vi/8OzgB5KjzlI/hqdefault.jpg,2023-03-31T10:00:12Z,226,170
経験者の心が痛くなるアニメ　　　　　　　　　　　　　　　　　　　　　　　　　　　　 #コント #アニメ #ショートアニメ #マンガ #漫画 #アニメ専門チャンネル,1831193,https://www.youtube.com/watch?v=2-MKdoWzXmA,https://i.ytimg.com/vi/2-MKdoWzXmA/hqdefault.jpg,2024-11-13T10:00:04Z,60,171
チワワ外飼いしたらたくましく育った【アニメ】,1825409,https://www.youtube.com/watch?v=wiDpMpSlAw4,https://i.ytimg.com/vi/wiDpMpSlAw4/hqdefault.jpg,2023-05-13T10:00:42Z,503,172
友達のママが宗教勧誘にきて気まずい【アニメ】,1785977,https://www.youtube.com/watch?v=NxilXjBOGfo,https://i.ytimg.com/vi/NxilXjBOGfo/hqdefault.jpg,2022-12-30T10:06:40Z,172,173
楽天Koboおりゃおりゃ,1783023,https://www.youtube.com/watch?v=MRs8JuFeU-E,https://i.ytimg.com/vi/MRs8JuFeU-E/hqdefault.jpg,2023-12-29T10:00:14Z,56,174
よく噛んだのにしっかり餅つまらせた人 #アニメ #コント #webアニメ #ショートアニメ,1732177,https://www.youtube.com/watch?v=Oxt5F0UorIg,https://i.ytimg.com/vi/Oxt5F0UorIg/hqdefault.jpg,2025-01-02T09:00:18Z,44,175
【アニメ】ビーフオアチキンしか習わなかったCA,1704458,https://www.youtube.com/watch?v=-Xu731_ZP4g,https://i.ytimg.com/vi/-Xu731_ZP4g/hqdefault.jpg,2023-04-22T10:00:00Z,187,176
産声が「男泣き」の赤ちゃん【アニメ】,1668902,https://www.youtube.com/watch?v=UsPa1Mxvyrs,https://i.ytimg.com/vi/UsPa1Mxvyrs/hqdefault.jpg,2023-04-15T10:10:32Z,183,177
【アニメ】美術が1 なのに勇気だけでタトゥー屋さん開いた,1625678,https://www.youtube.com/watch?v=3rgQw6v3irA,https://i.ytimg.com/vi/3rgQw6v3irA/hqdefault.jpg,2023-06-18T10:41:43Z,243,178
【アニメ】女子高生集団とすれ違う時に緊張してゲロを吐く男,1615410,https://www.youtube.com/watch?v=zSSEl1bl1Vg,https://i.ytimg.com/vi/zSSEl1bl1Vg/hqdefault.jpg,2022-08-27T10:00:37Z,242,179
電圧を100倍にしてる狂った回転寿司屋,1611000,https://www.youtube.com/watch?v=wr9x8N9RUUM,https://i.ytimg.com/vi/wr9x8N9RUUM/hqdefault.jpg,2023-07-31T10:00:43Z,1417,180
虫を利用して生活する虫博士【アニメ】,1604217,https://www.youtube.com/watch?v=9ovbOpXUg08,https://i.ytimg.com/vi/9ovbOpXUg08/hqdefault.jpg,2022-12-28T09:00:05Z,318,181
【アニメ】闇ガールとクズホスト,1564552,https://www.youtube.com/watch?v=gc_1GaS8bz8,https://i.ytimg.com/vi/gc_1GaS8bz8/hqdefault.jpg,2022-05-31T10:00:30Z,133,182
認知症お婆ちゃん、筋トレの回数を忘れて無限にムキムキになる【アニメ】,1544803,https://www.youtube.com/watch?v=e8RlhObNwzQ,https://i.ytimg.com/vi/e8RlhObNwzQ/hqdefault.jpg,2023-09-29T10:08:36Z,185,183
新しくスマホ買った次の日に新機種出た【アニメ】,1525848,https://www.youtube.com/watch?v=IWghDdBpaF0,https://i.ytimg.com/vi/IWghDdBpaF0/hqdefault.jpg,2024-10-09T10:00:18Z,259,184
知りたくない豆知識,1513998,https://www.youtube.com/watch?v=_ksV_FJbf3Q,https://i.ytimg.com/vi/_ksV_FJbf3Q/hqdefault.jpg,2024-03-22T11:41:17Z,23,185
【アニメ】全部間違えてる看病,1503760,https://www.youtube.com/watch?v=mhLWDY2-fSI,https://i.ytimg.com/vi/mhLWDY2-fSI/hqdefault.jpg,2023-02-10T10:00:24Z,5321,186
【アニメ】プロポーズしてたら後ろの奴がフラッシュモブ始めた,1489272,https://www.youtube.com/watch?v=NPAv4F4pPwU,https://i.ytimg.com/vi/NPAv4F4pPwU/hqdefault.jpg,2023-02-09T11:38:07Z,226,187
なんの躊躇もなくカレーで便所メシする学生【アニメ】,1488993,https://www.youtube.com/watch?v=8IDgbPf3sks,https://i.ytimg.com/vi/8IDgbPf3sks/hqdefault.jpg,2024-02-23T10:00:05Z,222,188
【アニメ】密室でオナラしたけど逆ギレで乗り切る,1487644,https://www.youtube.com/watch?v=hlYDtD4T4Uk,https://i.ytimg.com/vi/hlYDtD4T4Uk/hqdefault.jpg,2023-02-28T10:00:32Z,162,189
【アニメ】高い高いでキャッチボールをする若夫婦,1461643,https://www.youtube.com/watch?v=kMPVWRIBxEY,https://i.ytimg.com/vi/kMPVWRIBxEY/hqdefault.jpg,2023-05-21T10:12:46Z,196,190
何十年もコンビニ前でたむろしてるヤンキー老人【アニメ】,1410566,https://www.youtube.com/watch?v=mj9nC07vvuQ,https://i.ytimg.com/vi/mj9nC07vvuQ/hqdefault.jpg,2023-08-31T11:00:38Z,227,191
収録中に乱入されても完全無視を決め込むアナウンサー【アニメ】,1405071,https://www.youtube.com/watch?v=h9EtidKRdyk,https://i.ytimg.com/vi/h9EtidKRdyk/hqdefault.jpg,2023-11-07T10:00:29Z,301,192
【完食】食育がしっかりしてるから全く増殖しないゾンビ【アニメ】,1362705,https://www.youtube.com/watch?v=r6daCeMvWS0,https://i.ytimg.com/vi/r6daCeMvWS0/hqdefault.jpg,2025-05-19T11:36:47Z,216,193
フィルムカメラで盗撮をするエモい犯罪者 【アニメ】,1344999,https://www.youtube.com/watch?v=PpdtxgbK4ww,https://i.ytimg.com/vi/PpdtxgbK4ww/hqdefault.jpg,2023-07-23T10:22:56Z,281,194
疲れたから肩車したまま寝るお父さん【アニメ】,1333079,https://www.youtube.com/watch?v=5pxJEkM5RcA,https://i.ytimg.com/vi/5pxJEkM5RcA/hqdefault.jpg,2023-12-30T10:00:04Z,203,195
試し撃ちしながらパトロールする警察官 【アニメ】,1307674,https://www.youtube.com/watch?v=N6JBM7j4hOs,https://i.ytimg.com/vi/N6JBM7j4hOs/hqdefault.jpg,2024-01-27T10:00:15Z,565,196
子連れ主婦に列に割り込まれた【アニメ】,1290300,https://www.youtube.com/watch?v=oIKt1hMNNx8,https://i.ytimg.com/vi/oIKt1hMNNx8/hqdefault.jpg,2023-09-22T10:00:52Z,194,197
【作者が考察】ネズミの正体、ニワトリの正体、徹底解説☆,1279349,https://www.youtube.com/watch?v=hs2RQGrEkEM,https://i.ytimg.com/vi/hs2RQGrEkEM/hqdefault.jpg,2023-06-24T11:30:25Z,4031,198
1人だけ日本刀で挑んでくる剣道部員,1241867,https://www.youtube.com/watch?v=9CaTnAB73Eg,https://i.ytimg.com/vi/9CaTnAB73Eg/hqdefault.jpg,2024-04-16T10:00:07Z,204,199
一回で100文字書けるペンを開発‼︎【宿題がすぐ終わる】,1239825,https://www.youtube.com/watch?v=tzhpnmLZ15M,https://i.ytimg.com/vi/tzhpnmLZ15M/hqdefault.jpg,2019-09-15T09:00:13Z,405,200
自動車学校に転校生来た【アニメ】,1222386,https://www.youtube.com/watch?v=VhJtZ7-ipSQ,https://i.ytimg.com/vi/VhJtZ7-ipSQ/hqdefault.jpg,2024-01-20T10:00:18Z,223,201
【総編集】繋がってる話を時系列順で並べた,1220328,https://www.youtube.com/watch?v=Gl_NZ8GqXjU,https://i.ytimg.com/vi/Gl_NZ8GqXjU/hqdefault.jpg,2024-12-30T10:00:16Z,9647,202
明日閉店する寿司屋【アニメ】,1195387,https://www.youtube.com/watch?v=-reZs82AjNc,https://i.ytimg.com/vi/-reZs82AjNc/hqdefault.jpg,2023-04-29T10:00:00Z,135,203
バイクで来た引っ越し業者【アニメ】,1175762,https://www.youtube.com/watch?v=ONxnu2wGaqc,https://i.ytimg.com/vi/ONxnu2wGaqc/hqdefault.jpg,2024-02-16T10:00:17Z,252,204
茶道教室に自販機置かれた【アニメ】,1175262,https://www.youtube.com/watch?v=5zULd_3mEOQ,https://i.ytimg.com/vi/5zULd_3mEOQ/hqdefault.jpg,2024-04-28T10:00:04Z,203,205
演説中に間違えて高速道路に入った選挙カー,1093055,https://www.youtube.com/watch?v=O24qR5fe25w,https://i.ytimg.com/vi/O24qR5fe25w/hqdefault.jpg,2023-10-31T10:00:18Z,215,206
自分にだけ黒電話を勧めてくる携帯ショップ【アニメ】,1022626,https://www.youtube.com/watch?v=TXm_RGZI4c0,https://i.ytimg.com/vi/TXm_RGZI4c0/hqdefault.jpg,2024-05-03T10:00:22Z,250,207
アイスをぶつけてきた子供に全く容赦しないおじさん【アニメ】,1020879,https://www.youtube.com/watch?v=0Oqzo2NaHQo,https://i.ytimg.com/vi/0Oqzo2NaHQo/hqdefault.jpg,2023-11-06T10:00:01Z,1009,208
別れ話中にリアルタイムで励ましてくる友達【アニメ】,1015283,https://www.youtube.com/watch?v=UJqi7q9yeco,https://i.ytimg.com/vi/UJqi7q9yeco/hqdefault.jpg,2023-11-14T10:30:07Z,267,209
全予算を使って指揮者を雇ったバンド【アニメ】,1009282,https://www.youtube.com/watch?v=h-aHQXnRQJs,https://i.ytimg.com/vi/h-aHQXnRQJs/hqdefault.jpg,2023-12-15T11:34:46Z,199,210
血のつながった孫がオレオレ詐欺してくる 【アニメ】,1008600,https://www.youtube.com/watch?v=bA9BWW9UudI,https://i.ytimg.com/vi/bA9BWW9UudI/hqdefault.jpg,2023-11-26T10:27:31Z,944,211
麻酔が効く前に手術を終わらせる早腕の名医【アニメ】,1004067,https://www.youtube.com/watch?v=ncNwMLq8eNM,https://i.ytimg.com/vi/ncNwMLq8eNM/hqdefault.jpg,2024-10-24T10:01:02Z,230,212
何故か都会で遭難したおじさん【アニメ】,993164,https://www.youtube.com/watch?v=CHMzDA3HFiA,https://i.ytimg.com/vi/CHMzDA3HFiA/hqdefault.jpg,2024-06-02T10:00:17Z,244,213
クラブで勉強してたらうるさくなったのでキレる受験生【アニメ】,991016,https://www.youtube.com/watch?v=9tCKsXhjhWI,https://i.ytimg.com/vi/9tCKsXhjhWI/hqdefault.jpg,2024-03-24T10:00:06Z,214,214
【アニメ】なんとしても一軍女子の匂いを嗅ぎたい男子,964288,https://www.youtube.com/watch?v=9zSg0_0Jyfs,https://i.ytimg.com/vi/9zSg0_0Jyfs/hqdefault.jpg,2023-08-16T11:00:06Z,216,215
意味わからん放置ゲームが出た #放置ゲーム #ヒヨコ増殖 #文明発展 #アプリ,900197,https://www.youtube.com/watch?v=CinSUpTJHtA,https://i.ytimg.com/vi/CinSUpTJHtA/hqdefault.jpg,2024-07-30T06:00:04Z,30,216
ミスって警察に身代金を要求した誘拐犯【アニメ】,889417,https://www.youtube.com/watch?v=nDECQ_Tnozw,https://i.ytimg.com/vi/nDECQ_Tnozw/hqdefault.jpg,2024-11-05T10:00:43Z,239,217
【超能力】硬化能力を身につけた男が超人すぎる,869202,https://www.youtube.com/watch?v=nsRuFNZe8Ek,https://i.ytimg.com/vi/nsRuFNZe8Ek/hqdefault.jpg,2019-07-03T09:00:08Z,248,218
ハプニング映像の犬みたいなミスする人【アニメ】,868807,https://www.youtube.com/watch?v=WiGUmDuj6KY,https://i.ytimg.com/vi/WiGUmDuj6KY/hqdefault.jpg,2024-04-01T10:00:35Z,192,219
スマホ楽しみすぎてる人【ローカロリーシリーズ】,863221,https://www.youtube.com/watch?v=zsFp9Iq6gHE,https://i.ytimg.com/vi/zsFp9Iq6gHE/hqdefault.jpg,2025-03-15T10:01:17Z,46,220
なんでもカラーボール投げて解決する店員【アニメ】,859884,https://www.youtube.com/watch?v=_wRgTSzIPX8,https://i.ytimg.com/vi/_wRgTSzIPX8/hqdefault.jpg,2024-11-29T10:37:34Z,273,221
食事中にAV流れ始めたけど気まずくて指摘できない家族,836207,https://www.youtube.com/watch?v=UI_ET6Rd5Qc,https://i.ytimg.com/vi/UI_ET6Rd5Qc/hqdefault.jpg,2024-07-29T11:43:25Z,278,222
ペットトリマーに髪切りに来た人間,819153,https://www.youtube.com/watch?v=qLbJMzHgnV0,https://i.ytimg.com/vi/qLbJMzHgnV0/hqdefault.jpg,2024-06-20T10:31:24Z,309,223
偏差値Ｚなので野生動物が転校してきた高校,816159,https://www.youtube.com/watch?v=xEYSI8xRg-0,https://i.ytimg.com/vi/xEYSI8xRg-0/hqdefault.jpg,2023-08-26T10:00:46Z,140,224
アルバム買って握手会まで来て暴言を吐くアンチ【アニメ】,812685,https://www.youtube.com/watch?v=WiLAt5w4XKc,https://i.ytimg.com/vi/WiLAt5w4XKc/hqdefault.jpg,2024-08-11T10:28:02Z,233,225
カスみたいな初夢見た  #アニメ #コント #webアニメ #ショートアニメ,793575,https://www.youtube.com/watch?v=E6Sfnfdq8aM,https://i.ytimg.com/vi/E6Sfnfdq8aM/hqdefault.jpg,2024-12-31T15:00:19Z,43,226
お賽銭にクレジット入れて破産した金持ちの子供【アニメ】,774827,https://www.youtube.com/watch?v=9h9aQkY5Oxg,https://i.ytimg.com/vi/9h9aQkY5Oxg/hqdefault.jpg,2024-11-15T10:00:12Z,191,227
無敵状態の5軍インキャは誰にも止められない,766215,https://www.youtube.com/watch?v=CTE2Yq2enNc,https://i.ytimg.com/vi/CTE2Yq2enNc/hqdefault.jpg,2024-08-30T10:37:35Z,394,228
イカれたおばさんが電車で犬を放つ【アニメ】,761125,https://www.youtube.com/watch?v=dXkjT_zLYhY,https://i.ytimg.com/vi/dXkjT_zLYhY/hqdefault.jpg,2024-07-01T10:00:36Z,270,229
そんなテンションのやつがファミレスに来んな 【ローカロリーシリーズ】#アニメ #コントチャンネル #コント,747349,https://www.youtube.com/watch?v=-BiaLN5IQtU,https://i.ytimg.com/vi/-BiaLN5IQtU/hqdefault.jpg,2025-07-05T10:00:01Z,49,230
【男子必見】スカートめくりを全力でする男達‼︎,746962,https://www.youtube.com/watch?v=AI3lx-kLLaQ,https://i.ytimg.com/vi/AI3lx-kLLaQ/hqdefault.jpg,2019-05-18T10:00:01Z,516,231
【天竺鼠川原×松尾です】コラボアニメ『マカロニが出来るまで耐えろ』松尾アフレコver.,729288,https://www.youtube.com/watch?v=j-jPPwlhvZI,https://i.ytimg.com/vi/j-jPPwlhvZI/hqdefault.jpg,2020-12-19T10:00:11Z,184,232
【自主制作アニメ】夢オチの夢オチの夢オチの夢オチの【火の鳥コラボ】,699557,https://www.youtube.com/watch?v=kTEHbfKS1P4,https://i.ytimg.com/vi/kTEHbfKS1P4/hqdefault.jpg,2025-04-05T10:01:04Z,537,233
魔法学校で退学になった生徒【ローカロリーシリーズ】 #アニメ #コントチャンネル #コント,688632,https://www.youtube.com/watch?v=0qe0iFN44Gs,https://i.ytimg.com/vi/0qe0iFN44Gs/hqdefault.jpg,2025-08-07T10:00:02Z,63,234
病院のキャッチやってる限界すぎる医者,676863,https://www.youtube.com/watch?v=CmDv7ww6ikU,https://i.ytimg.com/vi/CmDv7ww6ikU/hqdefault.jpg,2024-09-06T10:00:15Z,180,235
警察署に空き巣入ってきた【アニメ】,661863,https://www.youtube.com/watch?v=IPtAJM1WnPU,https://i.ytimg.com/vi/IPtAJM1WnPU/hqdefault.jpg,2025-02-03T10:08:06Z,190,236
ポケモンみたいな世界観なのに人が殴り合って問題解決する世界【アニメ】,661751,https://www.youtube.com/watch?v=AadMuXaccjY,https://i.ytimg.com/vi/AadMuXaccjY/hqdefault.jpg,2025-06-24T10:00:23Z,194,237
駆け込み乗車した挙句電車に挟まれてそのまま出発された人【アニメ】,651664,https://www.youtube.com/watch?v=gCKHiQMxslE,https://i.ytimg.com/vi/gCKHiQMxslE/hqdefault.jpg,2025-03-07T11:05:32Z,215,238
犬に散歩されたい飼い主 #アニメ #コント #漫画,640294,https://www.youtube.com/watch?v=GAq49hga26k,https://i.ytimg.com/vi/GAq49hga26k/hqdefault.jpg,2025-05-10T10:00:24Z,39,239
自転車の運転で性格変わる人 【ローカロリーシリーズと】#アニメ #コントチャンネル #コント,634651,https://www.youtube.com/watch?v=HwM78D-mOoc,https://i.ytimg.com/vi/HwM78D-mOoc/hqdefault.jpg,2025-08-06T10:00:37Z,45,240
【マツオノアニメ0話】服を一瞬で破裂させる動画,630507,https://www.youtube.com/watch?v=vMfLV4YBcfE,https://i.ytimg.com/vi/vMfLV4YBcfE/hqdefault.jpg,2019-08-10T09:00:09Z,190,241
バチボコに喧嘩してたのに電話には優しい声で出るおかん,623842,https://www.youtube.com/watch?v=LEsrS7rNZqM,https://i.ytimg.com/vi/LEsrS7rNZqM/hqdefault.jpg,2025-02-22T10:00:21Z,179,242
絶叫マシンマシン余裕すぎて時間を自己投資に有効活用してる人【アニメ】,623070,https://www.youtube.com/watch?v=4MBUydxUZWU,https://i.ytimg.com/vi/4MBUydxUZWU/hqdefault.jpg,2025-05-25T10:00:12Z,182,243
激臭の中、カバンに生首ドッキリ。臭い。,621356,https://www.youtube.com/watch?v=T1aTeugM_Dc,https://i.ytimg.com/vi/T1aTeugM_Dc/hqdefault.jpg,2019-12-07T09:00:06Z,587,244
ホラー読み聞かせてくる保育士 【ローカロリーシリーズ】#アニメ #コント #コントチャンネル,615018,https://www.youtube.com/watch?v=ugPNsBJ5Occ,https://i.ytimg.com/vi/ugPNsBJ5Occ/hqdefault.jpg,2025-10-05T11:01:33Z,50,245
家の中で大黒柱にしょんべんする犬【ローカロリーシリーズ】 #アニメ #漫画 #コント #アニメーション,611111,https://www.youtube.com/watch?v=d3Iyrb5T3qw,https://i.ytimg.com/vi/d3Iyrb5T3qw/hqdefault.jpg,2025-04-12T10:01:02Z,37,246
イノシシ じゃね？【ローカロリーシリーズ】 #アニメ #コントチャンネル #コント,607140,https://www.youtube.com/watch?v=rH1nDEN_sn8,https://i.ytimg.com/vi/rH1nDEN_sn8/hqdefault.jpg,2025-08-02T10:01:26Z,52,247
【アニメ】狂った寿司屋,604861,https://www.youtube.com/watch?v=T_HInMRYUqM,https://i.ytimg.com/vi/T_HInMRYUqM/hqdefault.jpg,2025-07-21T10:46:45Z,182,248
イルミネーションを手回し発電で維持してるおじさん【アニメ】,598714,https://www.youtube.com/watch?v=9a_agpAXjxo,https://i.ytimg.com/vi/9a_agpAXjxo/hqdefault.jpg,2024-12-21T10:49:58Z,217,249
絶対グレる家庭【ローカロリーシリーズ】 #アニメ #コント #コントチャンネル #大型犬のいる生活,594307,https://www.youtube.com/watch?v=mIAovjiJA4Y,https://i.ytimg.com/vi/mIAovjiJA4Y/hqdefault.jpg,2025-08-27T10:01:24Z,55,250
完全に環状線に住んでるおじさん,585415,https://www.youtube.com/watch?v=HYyrOJ5TG54,https://i.ytimg.com/vi/HYyrOJ5TG54/hqdefault.jpg,2024-09-13T10:00:13Z,395,251
賢者タイム中にキツいサキュバス来て不快【家族と見るな】,584270,https://www.youtube.com/watch?v=-q8F1yE9R7M,https://i.ytimg.com/vi/-q8F1yE9R7M/hqdefault.jpg,2025-03-29T10:00:00Z,183,252
高速道路でヒッチハイクする限界の旅人【アニメ】,584016,https://www.youtube.com/watch?v=wd_g72YPwNc,https://i.ytimg.com/vi/wd_g72YPwNc/hqdefault.jpg,2024-05-15T10:00:57Z,170,253
UFOいない派VS犬派【ローカロリーシリーズ】 #アニメ #コント #コントチャンネル,575250,https://www.youtube.com/watch?v=63t75onqR84,https://i.ytimg.com/vi/63t75onqR84/hqdefault.jpg,2025-08-05T10:00:18Z,57,254
インスタ質問コーナー,561845,https://www.youtube.com/watch?v=Nn-FdcrIdRU,https://i.ytimg.com/vi/Nn-FdcrIdRU/hqdefault.jpg,2024-07-14T10:00:18Z,41,255
今更3Dテレビ買った人 【ローカロリーシリーズ】#アニメ #コントチャンネル #コント,561104,https://www.youtube.com/watch?v=uTfRhSOl2Qg,https://i.ytimg.com/vi/uTfRhSOl2Qg/hqdefault.jpg,2025-08-13T10:01:33Z,43,256
客ごと洗車に突っ込む人力車【ローカロリーシリーズ】 #アニメ #コントチャンネル #コント,550534,https://www.youtube.com/watch?v=PcamtIidbzE,https://i.ytimg.com/vi/PcamtIidbzE/hqdefault.jpg,2025-08-03T15:00:48Z,40,257
独自の筋トレしてるやつの方が自分よりムキムキ【ローカロリーシリーズ】 #アニメ #コント #コントチャンネル,528656,https://www.youtube.com/watch?v=5eQ7We8tz9k,https://i.ytimg.com/vi/5eQ7We8tz9k/hqdefault.jpg,2025-08-21T10:00:17Z,50,258
まだ見た事のない【モーニングルーティン】をお見せしましょう。,528600,https://www.youtube.com/watch?v=F1Ol3aGjap8,https://i.ytimg.com/vi/F1Ol3aGjap8/hqdefault.jpg,2019-06-08T07:31:57Z,300,259
【限界突破】全力で叫ぶと何メートルまで聞こえるの？,525584,https://www.youtube.com/watch?v=Gu_XelFPd0Y,https://i.ytimg.com/vi/Gu_XelFPd0Y/hqdefault.jpg,2019-06-02T10:45:01Z,804,260
寝れない時に見るべきアニメ #アニメ #コント  #ショートアニメ #webアニメ,523144,https://www.youtube.com/watch?v=xWMtZfYl6kc,https://i.ytimg.com/vi/xWMtZfYl6kc/hqdefault.jpg,2024-12-31T09:30:21Z,43,261
居眠りしてたら勘違いで電気ショックされた生徒【アニメ】,519574,https://www.youtube.com/watch?v=xIATECxNrOo,https://i.ytimg.com/vi/xIATECxNrOo/hqdefault.jpg,2025-06-08T10:01:20Z,188,262
そんな靴即決すんな【ローカロリーシリーズ】 #アニメ #コントチャンネル #コント,506976,https://www.youtube.com/watch?v=Xjde2y4B-XY,https://i.ytimg.com/vi/Xjde2y4B-XY/hqdefault.jpg,2025-08-18T10:01:00Z,49,263
明日やめる店員【ローカロリーシリーズ】#アニメ #コント #コントチャンネル,489194,https://www.youtube.com/watch?v=Aq2Vm6AN_dg,https://i.ytimg.com/vi/Aq2Vm6AN_dg/hqdefault.jpg,2025-08-30T10:30:08Z,32,264
狂った直売所【ローカロリーシリーズ】 #アニメ #コントチャンネル #漫画,486420,https://www.youtube.com/watch?v=aFO_8Y9V52I,https://i.ytimg.com/vi/aFO_8Y9V52I/hqdefault.jpg,2025-08-14T10:00:00Z,47,265
「初めてのお使い」で納車しやがった生意気な天才児【アニメ】,481951,https://www.youtube.com/watch?v=sm86Pe1KCgw,https://i.ytimg.com/vi/sm86Pe1KCgw/hqdefault.jpg,2025-06-29T10:01:23Z,189,266
花粉症を代表してスギ山に直接抗議しに来たおじさん【アニメ】,479662,https://www.youtube.com/watch?v=KHC1hC8WaKI,https://i.ytimg.com/vi/KHC1hC8WaKI/hqdefault.jpg,2025-03-20T10:55:19Z,204,267
女子高生が作ったアニメ,477490,https://www.youtube.com/watch?v=9ZG6wMpRonA,https://i.ytimg.com/vi/9ZG6wMpRonA/hqdefault.jpg,2024-11-14T10:32:53Z,433,268
【総集編】ショートアニメ30分耐久,477235,https://www.youtube.com/watch?v=u2WEJebeNaA,https://i.ytimg.com/vi/u2WEJebeNaA/hqdefault.jpg,2025-08-31T11:01:27Z,1800,269
ハム太郎の連絡先持ってる【ローカロリーシリーズ】 #アニメ #コントチャンネル #コント,467425,https://www.youtube.com/watch?v=zqMmXOTZmmQ,https://i.ytimg.com/vi/zqMmXOTZmmQ/hqdefault.jpg,2025-08-03T10:01:26Z,36,270
自販機に行列できとる【ローカロリーシリーズ】 #アニメ #コントチャンネル #コントチャンネル,464404,https://www.youtube.com/watch?v=sDmIKMmVkyw,https://i.ytimg.com/vi/sDmIKMmVkyw/hqdefault.jpg,2025-08-23T09:19:51Z,55,271
ルンバ散歩させてるやつの末路【ローカロリーシリーズ】 #アニメ #コントチャンネル #コント,464157,https://www.youtube.com/watch?v=kpcIqwCxxQM,https://i.ytimg.com/vi/kpcIqwCxxQM/hqdefault.jpg,2025-08-11T10:01:18Z,44,272
ネットで喧嘩してる相手とオフ会開いたインキャ,461554,https://www.youtube.com/watch?v=AWCHPZynKUM,https://i.ytimg.com/vi/AWCHPZynKUM/hqdefault.jpg,2025-04-21T10:00:15Z,278,273
家の中で高速回転寿司がしたい‼︎【扇風機】,458120,https://www.youtube.com/watch?v=XcpreaKMF9w,https://i.ytimg.com/vi/XcpreaKMF9w/hqdefault.jpg,2019-09-04T09:00:05Z,500,274
露出狂に露出してしまった露出狂【アニメ】,456214,https://www.youtube.com/watch?v=79XuuQd5URo,https://i.ytimg.com/vi/79XuuQd5URo/hqdefault.jpg,2025-04-26T10:00:08Z,154,275
ホールの手前でガチのフルスイングするゴルフ選手【アニメ】,455872,https://www.youtube.com/watch?v=OGex1UsLHyk,https://i.ytimg.com/vi/OGex1UsLHyk/hqdefault.jpg,2025-07-27T10:00:38Z,170,276
さっきまでキレてたのに電話の時だけ優しいオカン【ローカロリーシリーズ】 #アニメ #コントチャンネル #コント,439393,https://www.youtube.com/watch?v=-f-F4HMIrlw,https://i.ytimg.com/vi/-f-F4HMIrlw/hqdefault.jpg,2025-08-08T10:00:01Z,51,277
限界の寿司屋 #アニメ #コントチャンネル #コント,424194,https://www.youtube.com/watch?v=jC0nrSYWK1o,https://i.ytimg.com/vi/jC0nrSYWK1o/hqdefault.jpg,2025-07-24T10:01:12Z,30,278
ヒヨコ増殖放置ゲームCM3 #ぱちょふぁ,421109,https://www.youtube.com/watch?v=IfKUlf3GwIo,https://i.ytimg.com/vi/IfKUlf3GwIo/hqdefault.jpg,2024-08-20T10:00:15Z,57,279
雪にダイブした先に大便埋まってた【アニメ】,409146,https://www.youtube.com/watch?v=-EtyhVy-tDA,https://i.ytimg.com/vi/-EtyhVy-tDA/hqdefault.jpg,2025-05-31T10:38:22Z,167,280
選挙 #アニメ #コント #漫画,408210,https://www.youtube.com/watch?v=vaJGyagIb3I,https://i.ytimg.com/vi/vaJGyagIb3I/hqdefault.jpg,2025-06-14T08:01:03Z,57,281
うっかり車を忘れて来ちゃったのでタクシーで出場する無敵のレーサー【アニメ】,403345,https://www.youtube.com/watch?v=Zp5f1ljQ5IA,https://i.ytimg.com/vi/Zp5f1ljQ5IA/hqdefault.jpg,2025-10-13T10:00:55Z,242,282
深夜の客だいたいこんなの【ローカロリーシリーズ】 #アニメ #コントチャンネル #漫画,391571,https://www.youtube.com/watch?v=HdG595wu8wU,https://i.ytimg.com/vi/HdG595wu8wU/hqdefault.jpg,2025-08-12T10:00:24Z,65,283
扇風機のプロペラを使って船を進めろ！【リベンジ】,391225,https://www.youtube.com/watch?v=O7yCQ03GsY4,https://i.ytimg.com/vi/O7yCQ03GsY4/hqdefault.jpg,2019-09-21T10:30:01Z,726,284
親が反抗期になった【ローカロリーシリーズ】 #アニメ #コント #コントチャンネル,387486,https://www.youtube.com/watch?v=dL9_VB-klMU,https://i.ytimg.com/vi/dL9_VB-klMU/hqdefault.jpg,2025-08-22T10:01:06Z,45,285
家の中で花火してくる友達【ローカロリーシリーズ】 #アニメ #コント #コントチャンネル,381412,https://www.youtube.com/watch?v=Ae65ZoeKsq0,https://i.ytimg.com/vi/Ae65ZoeKsq0/hqdefault.jpg,2025-08-26T10:00:14Z,64,286
みんな何かを背負っているんだよ #アニメ #コント #コントチャンネル,376680,https://www.youtube.com/watch?v=vKU-OKVCHV0,https://i.ytimg.com/vi/vKU-OKVCHV0/hqdefault.jpg,2025-12-16T15:01:47Z,69,287
めっちゃ親切だけどめっちゃマナー悪い人 【アニメ】,376484,https://www.youtube.com/watch?v=7uo-Swv-GIM,https://i.ytimg.com/vi/7uo-Swv-GIM/hqdefault.jpg,2025-10-26T10:30:09Z,201,288
そんな犯罪者感出せる？【ローカロリーシリーズ】 #アニメ #コントチャンネル,376184,https://www.youtube.com/watch?v=o4-NrX7Mu0s,https://i.ytimg.com/vi/o4-NrX7Mu0s/hqdefault.jpg,2025-08-20T10:01:21Z,53,289
バレエダンサーがその私服すんな【ローカロリーシリーズ？】 #アニメ #コントチャンネル,375795,https://www.youtube.com/watch?v=AEiFaL7d9m0,https://i.ytimg.com/vi/AEiFaL7d9m0/hqdefault.jpg,2025-08-19T10:00:18Z,43,290
かかりつけの医者に胃カメラの動画を違法アップロードされた患者【アニメ】,373720,https://www.youtube.com/watch?v=Niodh4AoJdc,https://i.ytimg.com/vi/Niodh4AoJdc/hqdefault.jpg,2025-07-12T10:00:38Z,192,291
明けましておめでとうございます。,373652,https://www.youtube.com/watch?v=-lR1NRdRas8,https://i.ytimg.com/vi/-lR1NRdRas8/hqdefault.jpg,2023-01-17T14:09:55Z,361,292
人力車に人力車乗ってきた【ローカロリーシリーズ】 #アニメ #コントチャンネル #漫画 #コント,361028,https://www.youtube.com/watch?v=WrtMNf9tinM,https://i.ytimg.com/vi/WrtMNf9tinM/hqdefault.jpg,2025-08-16T10:00:47Z,45,293
あなたの風邪はどこから？【ローカロリーシリーズ】 #アニメ #コントチャンネル #コント,358394,https://www.youtube.com/watch?v=fd7zgF0S1NY,https://i.ytimg.com/vi/fd7zgF0S1NY/hqdefault.jpg,2025-08-10T02:00:45Z,54,294
アジャコングのメイク動画【ローカロリーシリーズ】 #アニメ #コントチャンネル #コント,347456,https://www.youtube.com/watch?v=5b-n2Qylxvk,https://i.ytimg.com/vi/5b-n2Qylxvk/hqdefault.jpg,2025-08-15T11:48:49Z,43,295
直射日光で文字を刻まれる男【日焼け止め×シルクスクリーン】,345603,https://www.youtube.com/watch?v=apAIavpXbLA,https://i.ytimg.com/vi/apAIavpXbLA/hqdefault.jpg,2019-10-26T10:15:01Z,554,296
顔面詐欺同士で出会ってしまった【ローカロリーシリーズ】 #アニメ #コント #コントチャンネル,330871,https://www.youtube.com/watch?v=Mi-v_7WY5Mw,https://i.ytimg.com/vi/Mi-v_7WY5Mw/hqdefault.jpg,2025-09-10T10:00:40Z,75,297
リーゼントにしちゃったペットトリマー【ローカロリーシリーズ】 #アニメ #コント #コントチャンネル,329685,https://www.youtube.com/watch?v=0q_Up6zYGOU,https://i.ytimg.com/vi/0q_Up6zYGOU/hqdefault.jpg,2025-08-24T10:00:01Z,53,298
知らない人の結婚式行くおじさん【ローカロリーシリーズ】 #アニメ #コントチャンネル,321591,https://www.youtube.com/watch?v=1xSzDUkcLDY,https://i.ytimg.com/vi/1xSzDUkcLDY/hqdefault.jpg,2025-08-31T10:00:02Z,64,299
ヒヨコ増殖放置ゲーム #ぱちょふぁ,319353,https://www.youtube.com/watch?v=ltV-4EFWo3w,https://i.ytimg.com/vi/ltV-4EFWo3w/hqdefault.jpg,2024-08-02T10:08:33Z,30,300
キラーキラーネームつけられた生徒【アニメ】,314163,https://www.youtube.com/watch?v=TMe4ccff25E,https://i.ytimg.com/vi/TMe4ccff25E/hqdefault.jpg,2025-11-22T11:20:18Z,163,301
今日から飲食禁止にしたヤバすぎるレストラン【アニメ】,304580,https://www.youtube.com/watch?v=TsvQStVmA1Q,https://i.ytimg.com/vi/TsvQStVmA1Q/hqdefault.jpg,2025-11-16T11:39:03Z,181,302
中身が液体のスイカを大爆発させたらどんな反応⁉︎【コラボ】,301601,https://www.youtube.com/watch?v=g8Orcqdqy2I,https://i.ytimg.com/vi/g8Orcqdqy2I/hqdefault.jpg,2019-08-29T11:30:02Z,431,303
服を発明することに成功しました #アニメ #コントチャンネル,295910,https://www.youtube.com/watch?v=BVOms5qNGy4,https://i.ytimg.com/vi/BVOms5qNGy4/hqdefault.jpg,2025-08-17T10:00:15Z,63,304
最後絶対感動するアニメ 【ローカロリーシリーズ】#アニメ #コント  #コントチャンネル,283803,https://www.youtube.com/watch?v=HZA5cqeSZ3M,https://i.ytimg.com/vi/HZA5cqeSZ3M/hqdefault.jpg,2025-11-17T10:00:19Z,50,305
足で手相占いしてくる占い師【ローカロリーシリーズ】 #アニメ #コント #コントチャンネル,282739,https://www.youtube.com/watch?v=AjYHiAhUpAQ,https://i.ytimg.com/vi/AjYHiAhUpAQ/hqdefault.jpg,2025-08-25T10:00:14Z,47,306
心の底から笑いたい人へのアニメ　ニココメ抜き,282382,https://www.youtube.com/watch?v=qWyiiyWI398,https://i.ytimg.com/vi/qWyiiyWI398/hqdefault.jpg,2025-05-04T10:28:21Z,171,307
人間が音姫やってるトイレ【アニメ】,280236,https://www.youtube.com/watch?v=i6zU85ecuc0,https://i.ytimg.com/vi/i6zU85ecuc0/hqdefault.jpg,2025-09-13T10:31:01Z,185,308
立ったまま寝れる装置を開発‼︎【今夏が来た】,275234,https://www.youtube.com/watch?v=BQbR0zD7PCE,https://i.ytimg.com/vi/BQbR0zD7PCE/hqdefault.jpg,2019-07-17T09:30:00Z,304,309
エロ本の読書話感想文を書いて来た生徒【アニメ】,274871,https://www.youtube.com/watch?v=NqozHdSA8E4,https://i.ytimg.com/vi/NqozHdSA8E4/hqdefault.jpg,2025-12-30T10:00:42Z,189,310
メンタルが強すぎるピンポンダッシュ【アニメ】,274223,https://www.youtube.com/watch?v=y48LMRPlkZc,https://i.ytimg.com/vi/y48LMRPlkZc/hqdefault.jpg,2025-11-11T11:01:40Z,173,311
ししおどし式給湯⁉︎カップラーメンに同時給湯する方法がアツい（いろんな意味で）【令和初のししおどし】,271684,https://www.youtube.com/watch?v=iM6hjBjy1c4,https://i.ytimg.com/vi/iM6hjBjy1c4/hqdefault.jpg,2019-06-05T09:00:06Z,434,312
寝る前に見るべきアニメ #アニメ #コント #webアニメ #ショートアニメ,268532,https://www.youtube.com/watch?v=45761WEV5J4,https://i.ytimg.com/vi/45761WEV5J4/hqdefault.jpg,2025-01-03T10:00:07Z,65,313
歯を磨かない人VS四足歩行の人【ローカロリーシリーズ】 #アニメ #コント #コントチャンネル,265877,https://www.youtube.com/watch?v=uaz7Yjz7vZs,https://i.ytimg.com/vi/uaz7Yjz7vZs/hqdefault.jpg,2025-08-28T10:01:44Z,81,314
ホール目前でフルスイングするゴルフ選手#アニメ #コントチャンネル #コント,260095,https://www.youtube.com/watch?v=1CqWDfLpgGA,https://i.ytimg.com/vi/1CqWDfLpgGA/hqdefault.jpg,2025-08-01T10:00:07Z,52,315
出会い系の広告に好きな人出てた【ローカロリーシリーズ】 #アニメ #コント #コントチャンネル,259696,https://www.youtube.com/watch?v=Xi9IpbOuNKU,https://i.ytimg.com/vi/Xi9IpbOuNKU/hqdefault.jpg,2025-08-29T10:00:59Z,76,316
どんな条件でも容赦なく高い高いしてくる親【アニメ】,255358,https://www.youtube.com/watch?v=TqGgV7wdtR0,https://i.ytimg.com/vi/TqGgV7wdtR0/hqdefault.jpg,2025-09-29T10:00:58Z,171,317
スパイダーマンのあのシーンを再現したい‼︎【蜘蛛の巣の作り方】,253922,https://www.youtube.com/watch?v=TuJ5PqbVqyQ,https://i.ytimg.com/vi/TuJ5PqbVqyQ/hqdefault.jpg,2019-06-26T09:15:00Z,414,318
逆におもちゃを盗ってく無敵のサンタ【アニメ】,253690,https://www.youtube.com/watch?v=XEMDai7RAwA,https://i.ytimg.com/vi/XEMDai7RAwA/hqdefault.jpg,2026-01-05T10:00:58Z,145,319
【衝撃】ピラミッドの内部構造が発覚！2LDKということが判明。,251920,https://www.youtube.com/watch?v=VEYx1MYwe0k,https://i.ytimg.com/vi/VEYx1MYwe0k/hqdefault.jpg,2025-11-29T11:30:33Z,204,320
寂しくておしゃべりしに来たウーバイーツ【アニメ】,250418,https://www.youtube.com/watch?v=u_W0RlM0I3Y,https://i.ytimg.com/vi/u_W0RlM0I3Y/hqdefault.jpg,2025-10-18T10:01:36Z,138,321
寝落ちまで付き合ってくれる優しいカスタマーサービス【アニメ】【クレーム電話】,250330,https://www.youtube.com/watch?v=Dd2ESTQjT9Y,https://i.ytimg.com/vi/Dd2ESTQjT9Y/hqdefault.jpg,2025-12-07T11:04:43Z,147,322
脱走したイルカの代わりに自分でパフォーマンスする飼育員【アニメ】,247949,https://www.youtube.com/watch?v=7_iKyTQ3oUY,https://i.ytimg.com/vi/7_iKyTQ3oUY/hqdefault.jpg,2025-09-21T10:24:15Z,208,323
一般人より頭悪いのに探偵になった高校生【アニメ】,245663,https://www.youtube.com/watch?v=ATP5Yf06xk4,https://i.ytimg.com/vi/ATP5Yf06xk4/hqdefault.jpg,2025-12-22T10:38:03Z,287,324
今から強盗に行く奴のこだわり抜いたカバンの中身紹介【アニメ】,241391,https://www.youtube.com/watch?v=DTS4nIrKW9I,https://i.ytimg.com/vi/DTS4nIrKW9I/hqdefault.jpg,2025-12-15T10:00:28Z,185,325
人が音姫やってるトイレ【ローカロリーシリーズ】 #アニメ #コント #コントチャンネル,237658,https://www.youtube.com/watch?v=6EjcWV3HhA4,https://i.ytimg.com/vi/6EjcWV3HhA4/hqdefault.jpg,2025-11-05T10:00:11Z,24,326
医者に胃カメラの動画を違法アップロードされた患者#アニメ #コントチャンネル #コント,234237,https://www.youtube.com/watch?v=-54JXOussJY,https://i.ytimg.com/vi/-54JXOussJY/hqdefault.jpg,2025-07-16T10:00:00Z,47,327
【爆睡】これを見たら一瞬で寝れるようになるよ,233287,https://www.youtube.com/watch?v=TPDYFAziajg,https://i.ytimg.com/vi/TPDYFAziajg/hqdefault.jpg,2019-03-19T10:45:43Z,197,328
《皮剥き機》一瞬でバナナの皮むきができる装置到来‼︎‼︎,221833,https://www.youtube.com/watch?v=uxYNRL3xRjY,https://i.ytimg.com/vi/uxYNRL3xRjY/hqdefault.jpg,2019-11-09T09:00:10Z,341,329
網の力で豆腐をバラバラにしろ！【気持ち悪い】,219774,https://www.youtube.com/watch?v=yFbiGHkVpSQ,https://i.ytimg.com/vi/yFbiGHkVpSQ/hqdefault.jpg,2019-07-24T11:00:09Z,335,330
コンペイトウを滝のように食べる方法を思いついた,217019,https://www.youtube.com/watch?v=x3-yC8o54zw,https://i.ytimg.com/vi/x3-yC8o54zw/hqdefault.jpg,2019-04-13T09:00:10Z,248,331
気づいたら寝てる⁉︎「倒れ寝」ができる装置を制作【令和初の寝方】,216449,https://www.youtube.com/watch?v=RzKHneflips,https://i.ytimg.com/vi/RzKHneflips/hqdefault.jpg,2019-06-19T09:00:02Z,220,332
マッチョを拘束するにはサランラップ何周必要？【逆襲】,215924,https://www.youtube.com/watch?v=5OJT7N_RFaU,https://i.ytimg.com/vi/5OJT7N_RFaU/hqdefault.jpg,2019-06-12T09:00:00Z,423,333
夏に雪を降らす。【天気の子？】,210192,https://www.youtube.com/watch?v=3yPWotE8p-c,https://i.ytimg.com/vi/3yPWotE8p-c/hqdefault.jpg,2019-09-01T10:00:01Z,437,334
説得力を上げたい？【世界観】を固めるんだ！【Filmora動画編集ソフト提供】,209279,https://www.youtube.com/watch?v=EyuIxoLgnmQ,https://i.ytimg.com/vi/EyuIxoLgnmQ/hqdefault.jpg,2019-09-28T09:00:03Z,449,335
【コラボ】腕の長い人がいきなり出てきたらどんな反応をするの⁉︎,204435,https://www.youtube.com/watch?v=21teFFE8Quo,https://i.ytimg.com/vi/21teFFE8Quo/hqdefault.jpg,2019-08-18T09:00:00Z,397,336
《名画再現》ラッセンの絵を再現しました。【イルカ】,203714,https://www.youtube.com/watch?v=71p1zpTmPUE,https://i.ytimg.com/vi/71p1zpTmPUE/hqdefault.jpg,2019-11-23T09:00:01Z,318,337
レベルが低すぎる陰謀論 【アニメ】,200592,https://www.youtube.com/watch?v=MzWqjZD3MWs,https://i.ytimg.com/vi/MzWqjZD3MWs/hqdefault.jpg,2025-11-06T11:14:31Z,201,338
絶対に会いたくないウーバーイーツ配達員 #アニメ #コント #コントチャンネル,200257,https://www.youtube.com/watch?v=NenBXcooMdw,https://i.ytimg.com/vi/NenBXcooMdw/hqdefault.jpg,2025-12-10T10:00:47Z,40,339
【昔の教育】まだ「玄関から閉め出されるしつけ」をされてるおじさん,197162,https://www.youtube.com/watch?v=hrI_7nGP_t8,https://i.ytimg.com/vi/hrI_7nGP_t8/hqdefault.jpg,2026-01-11T10:30:23Z,155,340
原因そいつやろ 【ローカロリーシリーズ】#アニメ #コントチャンネル #コント,174107,https://www.youtube.com/watch?v=Bl6VH87KX94,https://i.ytimg.com/vi/Bl6VH87KX94/hqdefault.jpg,2025-08-09T10:00:14Z,56,341
タバコが止めれない人のための禁煙装置【頑張れ】,156651,https://www.youtube.com/watch?v=XFCddqU7aDQ,https://i.ytimg.com/vi/XFCddqU7aDQ/hqdefault.jpg,2019-06-23T09:00:04Z,226,342
【朗報】ゴムゴムのピストルは現実世界でも打てます。【ワンピース・ルフィ】,156212,https://www.youtube.com/watch?v=dE21CVG4tIA,https://i.ytimg.com/vi/dE21CVG4tIA/hqdefault.jpg,2019-10-07T09:00:06Z,452,343
ポップコーン大砲で大量喰いしようとしたら。。。,154545,https://www.youtube.com/watch?v=lBB2z2FSMgM,https://i.ytimg.com/vi/lBB2z2FSMgM/hqdefault.jpg,2019-06-15T09:00:06Z,270,344
空気中に舞うジュース飲んで痛い思いをするという動画,154419,https://www.youtube.com/watch?v=jy2mXslvpXg,https://i.ytimg.com/vi/jy2mXslvpXg/hqdefault.jpg,2019-04-01T11:00:08Z,330,345
ヒヨコ増殖放置ゲームCM4 #ぱちょふぁ,152476,https://www.youtube.com/watch?v=7COvWTCzXrM,https://i.ytimg.com/vi/7COvWTCzXrM/hqdefault.jpg,2025-03-22T10:00:14Z,28,346
逆にきゅうりでトランプを切りたい‼︎【きゅうり飛ばし】,148031,https://www.youtube.com/watch?v=g3kHWv9f2e8,https://i.ytimg.com/vi/g3kHWv9f2e8/hqdefault.jpg,2019-06-29T08:06:37Z,252,347
【総編集.未公開映像】フェーズ1終了のお知らせ,147513,https://www.youtube.com/watch?v=KKTFGA8yzAI,https://i.ytimg.com/vi/KKTFGA8yzAI/hqdefault.jpg,2019-10-19T10:35:44Z,543,348
カバンの中身紹介+2ポイント【自由律俳句】,146993,https://www.youtube.com/watch?v=SUjGcVvfJDc,https://i.ytimg.com/vi/SUjGcVvfJDc/hqdefault.jpg,2023-08-09T11:00:20Z,554,349
ヒヨコ増殖放置ゲームCM2 #ぱちょふぁ,145253,https://www.youtube.com/watch?v=QwCZKnvqOk4,https://i.ytimg.com/vi/QwCZKnvqOk4/hqdefault.jpg,2024-08-04T10:00:18Z,42,350
【新ファッション】水の服を着る方法が簡単すぎた‼︎‼︎《クズ真面目》,140609,https://www.youtube.com/watch?v=CIcaNUXXdaU,https://i.ytimg.com/vi/CIcaNUXXdaU/hqdefault.jpg,2019-08-24T09:00:03Z,265,351
ゴキブリホイホイの威力を最大にして駆除を目論む【スタッフ無敵】,135237,https://www.youtube.com/watch?v=ARNe7oH3gto,https://i.ytimg.com/vi/ARNe7oH3gto/hqdefault.jpg,2019-07-27T10:15:00Z,168,352
人だと思い込んでバリバリ働く犬、カリスマ犬の一日密着,131452,https://www.youtube.com/watch?v=4vYPwe2Q_-s,https://i.ytimg.com/vi/4vYPwe2Q_-s/hqdefault.jpg,2025-08-23T11:04:30Z,165,353
墨汁の滝で書き初めをするのが夢だったんだ！,129130,https://www.youtube.com/watch?v=mCNSV2LBR4A,https://i.ytimg.com/vi/mCNSV2LBR4A/hqdefault.jpg,2019-09-08T09:00:08Z,403,354
プレゼント企画の動画,124035,https://www.youtube.com/watch?v=q75lOUd1v0c,https://i.ytimg.com/vi/q75lOUd1v0c/hqdefault.jpg,2022-12-26T10:00:17Z,691,355
【ハリーポッター】みたいに魔法を使いたい‼︎  〜魔法の使い方〜【アクシオ】,121078,https://www.youtube.com/watch?v=wpGDZKaZVU0,https://i.ytimg.com/vi/wpGDZKaZVU0/hqdefault.jpg,2019-08-14T09:00:07Z,306,356
目の前に好物をぶら下げたら早く走れるのか⁉︎ 【爆走】,117922,https://www.youtube.com/watch?v=EKuTq0p-ges,https://i.ytimg.com/vi/EKuTq0p-ges/hqdefault.jpg,2019-04-24T09:00:00Z,241,357
準備はいいか？イベントだ【渋谷】,117901,https://www.youtube.com/watch?v=wt623Fipu4k,https://i.ytimg.com/vi/wt623Fipu4k/hqdefault.jpg,2023-12-13T10:00:43Z,199,358
マッスルスーツを着るとパンチ力をあげれるの⁉︎【着る筋肉】,111319,https://www.youtube.com/watch?v=VmSDzQ8JTag,https://i.ytimg.com/vi/VmSDzQ8JTag/hqdefault.jpg,2019-07-13T09:00:04Z,244,359
スパイダーマンみたいに壁に蜘蛛の巣を張る！【大成功】~ウェブシューター制作~,99546,https://www.youtube.com/watch?v=EiPFhe96M54,https://i.ytimg.com/vi/EiPFhe96M54/hqdefault.jpg,2019-07-20T09:00:02Z,290,360
【ゼリー噴射機のレシピ】ゼリーめっちゃ食べたいぼくゼリーめっちゃ食べたい。,97312,https://www.youtube.com/watch?v=z-dmlLNBivU,https://i.ytimg.com/vi/z-dmlLNBivU/hqdefault.jpg,2019-05-22T09:00:09Z,490,361
令和最初にメントスコーラするのは俺でいいんじゃない？【大試練】,96799,https://www.youtube.com/watch?v=EalAy4ns-ig,https://i.ytimg.com/vi/EalAy4ns-ig/hqdefault.jpg,2019-04-30T15:00:03Z,349,362
金を降らしてお金持ちアピールしたい！【貧乏】,89873,https://www.youtube.com/watch?v=3ytn26g1WSw,https://i.ytimg.com/vi/3ytn26g1WSw/hqdefault.jpg,2019-08-03T09:00:01Z,226,363
【地獄】激辛中は痛みに気づかない説,85553,https://www.youtube.com/watch?v=Xv-0H276-jI,https://i.ytimg.com/vi/Xv-0H276-jI/hqdefault.jpg,2019-05-04T09:00:03Z,204,364
打ち上げ花火より目立ちたい。【夏のファッションショー】,83741,https://www.youtube.com/watch?v=nVq8CzP8uvg,https://i.ytimg.com/vi/nVq8CzP8uvg/hqdefault.jpg,2019-08-07T09:00:10Z,364,365
平成最後にメントスコーラするのは俺でいいんじゃない？【巨大メントスコーラ銃】,83630,https://www.youtube.com/watch?v=lZPYn6Qo4uQ,https://i.ytimg.com/vi/lZPYn6Qo4uQ/hqdefault.jpg,2019-04-30T09:00:08Z,254,366
どこで何をぶちまけても大丈夫！全方位対応ティッシュ‼︎【便利】,82026,https://www.youtube.com/watch?v=Yv7CVLMlK-s,https://i.ytimg.com/vi/Yv7CVLMlK-s/hqdefault.jpg,2019-05-15T09:15:09Z,223,367
【負傷】アクティブな写真を撮ったら後悔した,80120,https://www.youtube.com/watch?v=2AIDLvr02nI,https://i.ytimg.com/vi/2AIDLvr02nI/hqdefault.jpg,2019-04-06T11:00:00Z,279,368
五月病を往復ビンタで吹っ飛ばせ！【効果抜群】,79382,https://www.youtube.com/watch?v=Ss_jIUBFraI,https://i.ytimg.com/vi/Ss_jIUBFraI/hqdefault.jpg,2019-05-25T09:00:05Z,190,369
【閲覧注意】大量の鼻血を誰でもお手軽に出せる方法,78919,https://www.youtube.com/watch?v=_Er1dyvXRuc,https://i.ytimg.com/vi/_Er1dyvXRuc/hqdefault.jpg,2019-04-20T09:00:06Z,216,370
移動しながら編集する方法を思いついた,75036,https://www.youtube.com/watch?v=CM7qMVTX798,https://i.ytimg.com/vi/CM7qMVTX798/hqdefault.jpg,2019-04-03T11:10:19Z,273,371
メガネが顔面にブッ飛んでこれば自動装着できるんじゃない？【ナメすぎ】,61433,https://www.youtube.com/watch?v=m3Je7ReZDIQ,https://i.ytimg.com/vi/m3Je7ReZDIQ/hqdefault.jpg,2019-05-08T09:00:06Z,268,372
とてつもない『暴れ船』を作ってしまった,59134,https://www.youtube.com/watch?v=a2w4YmXHNUM,https://i.ytimg.com/vi/a2w4YmXHNUM/hqdefault.jpg,2019-04-17T09:00:01Z,242,373
【気配切り】全自動白刃どり装置で武士道を取り戻せ‼,57405,https://www.youtube.com/watch?v=Y9xrP04w3h0,https://i.ytimg.com/vi/Y9xrP04w3h0/hqdefault.jpg,2019-07-08T09:00:05Z,297,374
【大破壊⁉︎】弱っちい男でも渾身の大技を打てる方法,52708,https://www.youtube.com/watch?v=RKng9IQM2-o,https://i.ytimg.com/vi/RKng9IQM2-o/hqdefault.jpg,2019-05-12T09:30:02Z,392,375
水蒸気でティッシュをウェットティッシュにする【狼煙】,49950,https://www.youtube.com/watch?v=A_12PfE86xY,https://i.ytimg.com/vi/A_12PfE86xY/hqdefault.jpg,2019-04-10T11:00:04Z,211,376
【爽快】風船を0.2秒で爆割りする方法‼︎,46102,https://www.youtube.com/watch?v=hp7pPa73zKg,https://i.ytimg.com/vi/hp7pPa73zKg/hqdefault.jpg,2019-04-27T09:09:05Z,194,377