Rank,Title,ViewCount,URL,Thumbnail,PublishedAt,DurationSec
1,一度入ったら絶対に出られない遊園地を作るプラネットコースター,7341382,https://www.youtube.com/watch?v=iKrGjV897zM,https://i.ytimg.com/vi/iKrGjV897zM/hqdefault.jpg,2019-05-25T02:00:05Z,1057
2,キングダムみたいな中世の戦争にマシンガンを持ち込んで無双しまくるマウントアンドブレード２,4925916,https://www.youtube.com/watch?v=7LFS5qjPQXU,https://i.ytimg.com/vi/7LFS5qjPQXU/hqdefault.jpg,2021-09-21T10:00:06Z,1309
3,震度100の地震が起きたらどうなるのか検証したユニバースサンドボックス2,4807805,https://www.youtube.com/watch?v=IyABwNc-U_8,https://i.ytimg.com/vi/IyABwNc-U_8/hqdefault.jpg,2019-08-17T03:00:00Z,648
4,日本の地方にバトロワさせてみた,3844584,https://www.youtube.com/watch?v=RXKIC3s2UXU,https://i.ytimg.com/vi/RXKIC3s2UXU/hqdefault.jpg,2022-02-06T10:00:16Z,2275
5,乗ったら絶対死ぬジェットコースターを大量に作る,3440109,https://www.youtube.com/watch?v=OBQXlHNaWEs,https://i.ytimg.com/vi/OBQXlHNaWEs/hqdefault.jpg,2019-12-25T10:00:07Z,803
6,【音の錯覚】実際には聞こえないはずの歌詞が聞こえる動画,3422752,https://www.youtube.com/watch?v=bWAnwGXmNTg,https://i.ytimg.com/vi/bWAnwGXmNTg/hqdefault.jpg,2019-05-01T10:00:11Z,245
7,"ハトを光速の100,000,000,000,000,000,000倍の速度でぶつけて地球を破壊する",3392518,https://www.youtube.com/watch?v=aKq5caBY5RE,https://i.ytimg.com/vi/aKq5caBY5RE/hqdefault.jpg,2020-12-04T10:00:00Z,942
8,ゲームを魔改造しまくる,3178949,https://www.youtube.com/watch?v=gr27ayIBG50,https://i.ytimg.com/vi/gr27ayIBG50/hqdefault.jpg,2019-11-25T10:00:08Z,1220
9,団結すれば体で300キロのジェットコースターを止められるのか検証したプラネットコースター,3064607,https://www.youtube.com/watch?v=59h_qalSrDY,https://i.ytimg.com/vi/59h_qalSrDY/hqdefault.jpg,2019-08-21T09:00:00Z,899
10,裁判長になって殺人しまくり、自らを裁いて無実にするギルド３,2900155,https://www.youtube.com/watch?v=HGDhQH6XGwk,https://i.ytimg.com/vi/HGDhQH6XGwk/hqdefault.jpg,2022-08-02T10:00:12Z,1742
